Symbol,Name,Last,Opinion,"20D Rel Str","20D His Vol","20D Avg Vol","52W Low","52W High"
AAOI,"Applied Optoelect",42.79,"48% Buy",54.36%,53.19%,1296595,22.54,71.29
AAON,"Aaon Inc",41.35,"80% Buy",69.19%,23.94%,195830,29.05,43.3
AAT,"American Assets Trust",39.29,"88% Buy",59.04%,17.19%,175895,30.62,41.69
AAWW,"Atlas Air Ww",61.4,"40% Sell",40.30%,28.45%,303755,50.65,75.29
AAXN,"Axon Inc",64.01,Hold,48.19%,55.27%,863610,20.57,76.45
ABCB,"Ameris Bancorp",50,"16% Sell",46.63%,25.31%,393595,41.05,59.05
ABG,"Asbury Automotive Group Inc",75.75,"88% Buy",59.90%,18.65%,197030,50.3,77.75
ABM,"ABM Industries Incorporated",30.35,"40% Sell",45.27%,32.36%,614225,28.17,44.83
ACET,"Aceto Cp",3.24,"40% Sell",46.81%,32.13%,147630,2.22,16.08
ACLS,"Axcelis Tech Inc",19.4,"80% Sell",39.50%,36.22%,396720,18.75,37.05
ACOR,"Acorda Therapeutics",28.9,"56% Buy",56.18%,30.53%,386205,16.55,36.35
ADC,"Agree Realty Corp",56.33,"96% Buy",66.17%,13.37%,126730,43.74,57.04
ADTN,"Adtran Inc",17,"100% Buy",64.57%,16.87%,229925,13.95,25.1
AEGN,"Aegion Corp",25.25,"24% Buy",51.55%,21.30%,78325,19.81,28.19
AEIS,"Advanced Energy",58.2,"56% Sell",43.87%,22.62%,470940,56.22,95
AEL,"American Equity Investment Life",36.89,"88% Buy",57.66%,15.81%,353955,25.43,38.56
AGYS,"Agilysys Inc",16.45,"56% Buy",58.97%,37.23%,93840,10.03,16.8
AHH,"Armada Hoffler Properties Inc",15.86,"88% Buy",60.05%,16.25%,292955,12.73,16.17
AIN,"Albany International Corp",76.95,"88% Buy",68.33%,57.21%,183785,51.1,78.9
AIR,"AAR Corp",45.77,"8% Sell",48.07%,19.35%,136315,34.25,49.05
AIT,"Applied Industrial Technologies",76.65,"88% Buy",56.68%,28.16%,217225,54.9,78.9
AJRD,"Aerojet Rocketdyne Holdings",36.09,"80% Buy",64.01%,72.80%,926220,24.41,37.7
AKR,"Acadia Realty Trust",28.65,"96% Buy",64.84%,19.25%,398405,21.34,30.63
AKS,"AK Steel Holding Corp",4.25,"48% Sell",42.38%,59.78%,13856350,4,6.8
ALG,"Alamo Group",97.9,"24% Buy",58.24%,19.96%,83645,87.54,120.58
ALGT,"Allegiant Travel Com",136.2,"16% Sell",50.33%,23.73%,155880,111.54,181.45
ALRM,Alarm.Com,54.59,"96% Buy",68.83%,40.58%,541895,33.39,57.92
AMAG,"Amag Pharmaceuticals",24.5,"56% Buy",57.19%,33.34%,571770,11.93,26.1
AMBC,"Ambac Financial Grp",21.73,"64% Buy",62.32%,20.85%,390190,13.17,23.34
AMED,"Amedisys Inc",123.73,"96% Buy",84.65%,37.96%,441620,45.6,124.82
AMN,"Amn Healthcare Services Inc",57.55,"24% Sell",48.18%,49.84%,464145,36.9,68.2
AMPH,"Amphastar Pharma",18.12,"80% Buy",58.77%,25.52%,139460,14.4,20.45
AMSF,"Amerisafe Inc",62.55,"48% Buy",53.43%,10.94%,79815,51.55,67.82
AMWD,"Amer Woodmark Cp",81.95,"80% Sell",42.82%,32.58%,114165,78.75,148.44
ANDE,"Andersons Inc",40.45,"88% Buy",67.39%,45.57%,157475,29.6,41.7
ANF,"Abercrombie & Fitch Company",28.69,"80% Buy",59.79%,54.35%,1957730,10.56,29.69
ANGO,"Angiodynamics Inc",22.5,"88% Buy",58.47%,17.60%,164680,15.16,23.95
ANIK,"Anika Therapeutics",41.47,"56% Buy",57.21%,21.14%,123150,28.54,69.81
ANIP,"ANI Pharma Inc",57.3,"40% Sell",32.81%,54.18%,138225,45.33,74.7
APEI,"American Pub. Edu.",35.65,"64% Sell",33.33%,84.94%,130420,17.4,46.15
APOG,"Apogee Entrpr Inc",49.94,"72% Buy",56.47%,21.32%,130955,37.24,51.33
ARCB,"Arcbest Corp",47.05,"48% Buy",52.79%,35.52%,276275,25.1,50.45
ARI,"Apollo Commercial Real Estate",19.35,"96% Buy",62.46%,8.44%,1004660,17.56,19.5
AROC,"Archrock Inc",12.8,"40% Buy",51.88%,38.23%,699740,8.25,13.75
ARR,"Armour Residential R",23.71,"64% Buy",56.44%,8.54%,456610,21.4,27.55
ASGN,"On Assignment",90.48,"40% Buy",56.72%,21.17%,291810,44.66,94.25
ASIX,"Advansix Inc",33.06,"88% Sell",36.82%,43.28%,215950,30.36,46.51
ASNA,"Ascena Retail Grp",4.91,"96% Buy",69.90%,48.95%,1724040,1.69,5.28
ASTE,"Astec Inds Inc",47.84,"16% Sell",40.36%,34.59%,218400,44.92,64.8
ATNI,"Atn International",73.69,"88% Buy",69.01%,33.76%,58715,49.34,75.94
ATU,"Actuant Corp",29.35,"88% Buy",60.83%,17.85%,256945,21.5,30.05
AVA,"Avista Corp",51.46,Hold,53.89%,5.94%,406045,47.5,52.91
AVAV,"Aerovironment Inc",84.46,"96% Buy",70.17%,24.17%,220160,38.4,87.53
AVD,"American Vanguard Corp",20.4,"48% Sell",46.00%,31.45%,80190,18.01,24
AVP,"Avon Products",2.01,"64% Buy",65.92%,54.86%,7606505,1.38,2.99
AWR,"American States Water Company",61.06,"88% Buy",57.86%,17.69%,194425,47.53,61.66
AXE,"Anixter International Inc",71.85,"56% Buy",55.17%,22.67%,193485,56.25,88.85
AXL,"American Axle & Manufacturing",17.72,"96% Buy",57.52%,40.09%,1785375,13.38,20.27
AZZ,"Azz Inc",53.85,"40% Buy",57.00%,14.91%,104420,39.5,56.05
B,"Barnes Group",67.92,"88% Buy",61.28%,31.81%,209805,52.42,72.87
BABY,"Natus Medical Inc",36.45,"72% Buy",54.77%,29.75%,214355,28,43.6
BANC,"First Pactrust Bancorp",19.9,"16% Buy",51.78%,15.01%,336195,17.1,23.4
BANR,"Banner Corp",66.01,"72% Buy",61.81%,15.03%,137420,52.2,67.11
BCC,"Boise Cascade L.L.C.",44.9,"32% Buy",51.10%,21.95%,421495,28.2,49.3
BCOR,"Blucora Inc",35.8,"32% Buy",49.67%,37.75%,399660,19.05,40.6
BCPC,"Balchem Cp",104.09,"96% Buy",58.84%,29.19%,95620,70.23,105.29
BEAT,"Biotelemetry Inc",59.2,"96% Buy",67.00%,34.98%,366890,23.3,59.5
BEL,"Belmond Ltd",16.1,"96% Buy",77.66%,105.78%,859310,10.3,16.55
BELFB,"Bel Fuse Inc Cl B",27.15,"96% Buy",68.35%,52.86%,19210,17.1,33.45
BFS,"Saul Centers",58.55,"80% Buy",65.60%,21.10%,38750,46.71,65.43
BGFV,"Big 5 Sporting",5.9,"48% Sell",40.89%,47.23%,316840,5.05,9.75
BGG,"Briggs & Stratton Corp",20.69,"64% Buy",66.98%,40.57%,447965,16.26,27.34
BGS,"B&G Foods Holdings",31.35,"56% Buy",52.05%,22.02%,642760,22,39.75
BHE,"Benchmark Electronics",25.85,"24% Sell",43.02%,14.59%,373840,23.98,35.8
BHLB,"Berkshire Hills Bancorp",42.6,"88% Buy",59.62%,16.12%,178105,33.15,44.25
BJRI,"Bj's Restaurants Inc",70.85,"100% Buy",71.33%,32.87%,394690,28,73.05
BKE,"Buckle Inc",27.8,"72% Buy",61.25%,41.07%,440475,14.05,28.8
BKS,"Barnes & Noble",5.75,"8% Sell",45.85%,26.73%,751155,4.1,8
BLD,"Topbuild Corp",69.88,"96% Sell",39.53%,48.86%,388190,54.52,87.21
BMI,"Badger Meter",54.25,"96% Buy",64.17%,24.50%,110075,41,55.45
BNED,"Barnes & Noble Education Inc C",5.44,"56% Sell",41.81%,69.00%,317045,4.99,9.1
BOFI,"Bofi Holding Inc",38.62,"32% Sell",46.18%,46.13%,661885,24.2,45.18
BPFH,"Boston Pvt Finl Hldg",14.15,"32% Sell",37.14%,15.45%,444495,13.77,17.85
BRC,"Brady Corp",39.25,"64% Buy",58.20%,19.07%,246445,32.6,40.9
BRKL,"Brookline Bancorp",18.25,"32% Buy",50.10%,13.88%,307515,13.63,19.35
BRKS,"Brooks Automation",29.39,"48% Sell",42.91%,30.86%,563190,21.75,36.45
BRS,"Bristow Group Inc",11.03,"88% Sell",35.94%,50.97%,764915,7.83,18.91
CACI,"Caci International",192.05,"96% Buy",66.98%,26.29%,148940,121.6,194.95
CAL,"Caleres Inc",38.45,"96% Buy",65.34%,29.74%,249805,24.37,39.13
CALM,"Cal-Maine Foods In",50.1,"40% Buy",63.70%,18.22%,374725,34.03,52.3
CAMP,"Calamp Corp",23.33,"40% Buy",53.33%,16.64%,281345,18.16,25.45
CASH,"Meta Financial Grp",86,"96% Sell",32.69%,28.82%,71625,64,117.97
CATM,"Cardtronics Inc",38.16,"96% Buy",74.11%,94.15%,675290,15.8,38.38
CATO,"Cato Corp",20.1,"72% Sell",33.11%,67.42%,336545,10.76,26.88
CBB,"Cincinnati Bell Inc",12.45,"56% Sell",45.45%,125.24%,558935,9.9,22.2
CBL,"Cbl & Associates Properties",4.46,"64% Sell",39.84%,66.82%,3754400,3.8,9.1
CBM,"Cambrex Corp",64,"64% Buy",62.66%,33.83%,367080,42.55,67.75
CBU,"Community Bank System",66.17,"96% Buy",63.63%,14.95%,157690,48.89,67.07
CCMP,"Cabot Microelectron",111.63,"24% Sell",43.03%,38.37%,231055,68.88,123.76
CCOI,"Cogent Comm Hldgs",52.4,"24% Buy",51.18%,17.40%,221970,35.75,57.65
CCRN,"Cross Ctry Hlthcr",10.08,"16% Sell",45.14%,138.05%,412275,7.41,14.65
CDR,"Cedar Shopping Centers Inc",4.52,"8% Sell",45.73%,30.41%,296520,3.54,6.29
CECO,"Career Education",16.51,"32% Sell",43.26%,27.87%,374585,9,19.07
CEIX,"Consol Energy Inc",41.59,"16% Buy",48.40%,48.42%,320620,19.51,48.12
CENT,"Central Garden",39.07,"72% Sell",36.91%,22.24%,209820,34.58,45.02
CENTA,"Central Garden & Pet",36.16,"72% Sell",35.43%,22.16%,592455,32.57,41.97
CENX,"Century Aluminum C",11.95,"56% Sell",39.18%,58.91%,1801655,11.04,24.77
CEVA,"Ceva Inc",29.35,"72% Sell",45.39%,69.80%,182015,26.1,51.8
CHCO,"City Holding Co",82.37,"96% Buy",61.32%,11.99%,41890,60.37,83.27
CHCT,"Community Healthcare Trust Inc",31.36,"56% Buy",59.58%,18.35%,151970,22.41,32.81
CHS,"Chico's Fas",9.98,"72% Buy",60.88%,34.17%,2215440,6.96,10.9
CHSP,"Chesapeake Lodging Trust",32.61,"72% Buy",55.52%,19.82%,203955,24.89,33.09
CHUY,"Chuy's Holdings Inc",27.25,"72% Sell",35.94%,62.20%,140215,18,34.1
CIR,"Circor International",42.81,"8% Sell",49.40%,32.51%,154975,35.16,56.37
CJ,"C&J Energy Services Inc",23.57,"16% Sell",49.57%,47.20%,684480,21.22,36.57
CKH,"Seacor Smit Inc",52.23,"16% Sell",48.62%,21.75%,101360,36.35,59
CLD,"Cloud Peak Energy Inc",2.45,"48% Sell",38.22%,57.82%,609600,2.22,5.7
CLDT,"Chatham Lodging Trust [Reit]",21.51,"64% Buy",52.68%,17.47%,242465,17.9,23.91
CLW,"Clearwater Paper Corp",30.9,"64% Buy",69.48%,60.26%,231220,21.55,50.6
CMO,"Capstead Mortgage Corp",8.38,"24% Sell",42.87%,9.69%,696200,8.01,9.89
CMTL,"Comtech Telecom Co",36.07,"100% Buy",66.01%,19.78%,85555,17.11,36.51
CNMD,"C O N M E D Cp",77.65,"64% Buy",56.84%,27.98%,142395,48.03,83.49
CNSL,"Consolidated Communications Holdings Inc",12.09,"16% Buy",50.86%,47.53%,673480,10.31,20.72
COHU,"Cohu Inc",25.81,"24% Buy",50.77%,33.58%,212840,17.37,27.83
COKE,"Coca Cola Bot Cons",169.51,"72% Buy",67.99%,34.60%,79210,125.08,230
COLB,"Columbia Banking Sys",42.54,"32% Buy",52.43%,18.83%,202845,35.67,48.06
CORE,"Core Mark Holding",34.79,"96% Buy",86.23%,48.62%,454405,17.1,35.24
CORT,"Corcept Therapeutics",13.39,"32% Sell",44.96%,45.77%,1556010,11.55,25.96
CPF,"Central Pacific Financial Co",29.14,"16% Buy",55.45%,16.06%,125325,27.19,33.15
CPS,"Cooper Std Hldg Inc",139.55,"64% Buy",54.17%,27.10%,150160,98.58,146.77
CPSI,"Computer Programs",27.35,"64% Sell",34.67%,63.57%,205615,25.15,34.65
CRAY,"Cray Inc",21.2,"72% Sell",36.74%,36.46%,340085,17.6,28.6
CROX,"Crocs Inc",20.69,"100% Buy",65.78%,39.81%,1152655,8.64,20.86
CRR,"Carbo Ceramics",8.62,"32% Sell",47.50%,50.56%,311265,6.1,12.69
CRVL,"Corvel Cp",60.3,"96% Buy",63.86%,30.60%,27755,46.45,61.2
CRY,Cryolife,34.5,"96% Buy",69.25%,46.74%,171730,16.8,35.05
CRZO,"Carrizo Oil & Gas",24.16,"24% Sell",42.81%,50.02%,2792925,11.1,31.57
CSGS,"C S G Sys Intl",36.67,"80% Sell",31.03%,22.59%,176415,36.38,48.82
CTB,"Cooper Tire & Rubber Company",29.35,"40% Buy",55.37%,47.16%,730980,22.58,40.78
CTRE,"Caretrust REIT Inc",18.3,"96% Buy",65.70%,19.90%,689830,12.73,19.82
CTRL,"Control4 Corp",36.66,"96% Buy",77.50%,73.40%,574840,20.5,37.25
CTS,"Cts Corp",34.75,"8% Sell",45.91%,14.35%,114300,21.65,39.2
CUB,"Cubic Corp",74.35,"96% Buy",61.85%,33.87%,120640,41.25,77.35
CUBI,"Customers Bancorp",25.56,"32% Sell",41.99%,29.95%,242255,24.3,33.85
CUTR,"Cutera Inc",33.6,"88% Sell",35.07%,74.39%,264115,30.7,56.05
CVBF,"Cvb Financial Corp",24.65,"96% Buy",60.66%,12.44%,506810,19.58,25.49
CVCO,"Cavco Inds Inc",241.1,"96% Buy",67.21%,33.12%,50335,124.5,242.5
CVGW,"Calavo Growers Inc",104.7,"96% Buy",69.38%,19.66%,124450,65.85,105.55
CWT,"California Water Service Group Holding",40.95,"72% Buy",52.12%,20.59%,238575,35.25,46.15
CYH,"Community Health Systems",3.55,"24% Buy",55.04%,59.35%,2272615,2.66,7.92
CYTK,Cytokinetics,7.1,"24% Sell",42.17%,56.05%,250775,6.2,15.95
DAKT,"Daktronics Inc",7.48,"100% Sell",32.81%,51.21%,344245,7.46,10.86
DAR,"Darling International Inc",20.31,"48% Buy",56.31%,21.18%,899700,15.8,20.96
DBD,"Diebold Nixdorf Inc",4.55,"64% Sell",26.94%,202.22%,5231245,3.55,23.5
DCOM,"Dime Community Bncsh",18.55,"16% Sell",47.37%,36.89%,289610,17.1,22.65
DDD,"3D Systems Corp",20.7,"96% Buy",66.58%,117.49%,4519500,7.92,21.73
DEA,"Easterly Government Properties",19.95,"16% Buy",53.38%,19.73%,540385,18.73,22.32
DF,"Dean Foods Company",7.75,"80% Sell",28.86%,65.69%,2028140,7.69,12.09
DFIN,"Donnelly Financial Solutions Inc",20.44,"88% Buy",62.44%,37.01%,267505,15.22,22.5
DGII,"Digi Intl Inc",13.2,"16% Buy",51.70%,21.78%,99570,8.95,14.7
DIN,"Dineequity Inc",80.2,"96% Buy",62.90%,27.27%,335200,37.11,82.62
DIOD,"Diodes Inc",37.24,"56% Buy",52.41%,20.98%,307475,26.09,38.7
DNR,"Denbury Resources",5.06,"80% Buy",60.11%,65.55%,10271396,0.92,5.56
DORM,"Dorman Products Inc",79.2,"96% Buy",64.51%,23.66%,110515,56.36,80.75
DPLO,"Diplomat Pharmacy Inc",19.63,"32% Sell",37.58%,41.52%,1554100,14.5,28.74
DRH,"Diamondrock Hospitality Company",11.72,"56% Sell",45.31%,20.89%,1802640,9.87,12.99
DSPG,"D S P Group Inc",12.85,"40% Buy",57.72%,28.55%,74325,11.3,13.95
DSW,"DSW Inc",27.83,"48% Buy",54.40%,31.29%,1466080,17.75,29.27
DXPE,"Dxp Enterprise",48.59,"96% Buy",65.13%,47.42%,89650,24.89,49.5
EBIX,"Ebix Inc",80.25,"32% Buy",53.66%,26.90%,201800,56.4,89.1
EBS,"Emergent Biosolutions",60.43,"96% Buy",64.47%,33.05%,262710,35.54,60.99
ECHO,"Echo Global Logistic",33.05,"72% Buy",58.13%,27.52%,385455,13.25,34.83
ECOL,"US Ecology Inc",72.2,"96% Buy",63.57%,44.59%,68265,44.5,73.1
ECPG,"Encore Capital Grp",39.4,"16% Buy",54.59%,44.46%,433740,35.15,52
EE,"El Paso Electric Company",62.6,"8% Buy",57.07%,12.31%,294620,48.05,64.35
EFII,"Elec Imaging Inc",34.27,"40% Buy",52.86%,28.11%,511315,25.28,43.89
EGHT,"8X8 Inc",22.6,"88% Buy",59.39%,34.82%,669000,12,23.1
EGL,"Engility Holdings Inc",34.41,"72% Buy",55.03%,30.80%,139490,21.19,36.51
EGOV,"Nic Inc",17.1,"96% Buy",58.57%,30.55%,354150,12.65,18.9
EGP,"Eastgroup Properties",96.02,"16% Buy",51.11%,13.96%,144655,77.74,99.39
EGRX,"Eagle Pharmaceutical",80.79,"48% Buy",55.93%,30.58%,235300,48.84,85.66
EHTH,"Ehealth Inc",29.54,"72% Buy",67.08%,53.38%,211060,13.61,32.96
EIG,"Employers Holdings Inc",44.2,"32% Buy",57.06%,17.72%,119650,38.35,50.45
ELY,"Callaway Golf Company",22.55,"80% Buy",68.88%,37.88%,1435345,13.23,23.6
ENDP,"Endo Int'l Plc",15.96,"88% Buy",71.82%,92.83%,6134930,5.27,17.34
ENSG,"The Ensign Group In",38.59,"88% Buy",59.75%,34.96%,239010,19.4,40.09
ENTA,"Enanta Pharmaceutica",91.36,"48% Sell",40.93%,88.10%,312685,38.43,127.77
ENVA,"Enova International Inc",35.15,"24% Buy",51.99%,57.40%,347080,11.15,39
EPAY,"Bottomline Tech In",63.31,"96% Buy",76.76%,27.57%,406510,28.2,63.88
ERA,"Era Group Inc",12.18,"56% Sell",41.82%,38.37%,49645,8.61,14.23
ESE,"Esco Technologies Inc",68.5,"96% Buy",67.82%,24.47%,88600,51.55,70.2
ESIO,"Electro Sci Inds",23.1,"64% Buy",63.29%,71.87%,968665,11.17,27.72
ESND,"Essendant Inc",15,"24% Buy",52.30%,64.15%,247670,7.2,17.08
ETH,"Ethan Allen Interiors Inc",22.85,"8% Sell",45.62%,14.76%,241600,21.5,32.9
EVTC,"Evertec Inc",25,"100% Buy",64.90%,22.19%,441225,12.6,25.1
EXLS,"Exlservice Holdings",61.17,"72% Buy",59.60%,15.06%,91675,52.52,64.34
EXPO,"Exponent Inc",52,"96% Buy",58.55%,22.50%,165105,32.13,52.95
EXPR,"Express Inc",10.73,"96% Buy",59.50%,39.91%,1248445,5.82,11.34
EXTN,"Exterran Corp",28.43,"64% Buy",55.72%,35.01%,116535,24.52,33.69
EXTR,"Extreme Networks",6.14,"96% Sell",31.26%,137.86%,2776305,5.35,15.55
EZPW,"Ezcorp Inc",11.2,"72% Sell",42.44%,30.68%,519740,8.85,15.1
FARO,"Faro Tech Inc",68.1,"88% Buy",65.37%,23.01%,87445,32.8,70.2
FBP,"First Bancorp",8.99,"96% Buy",70.60%,17.11%,1631715,4.48,9.05
FCF,"First Commonwealth Financial Corp",17.05,"56% Buy",56.71%,16.52%,381185,12.06,17.91
FCFS,"First Cash Fin Svcs",81,"40% Sell",39.51%,30.50%,225450,57.75,95.4
FCN,"Fti Consulting",75.19,"16% Buy",54.54%,26.54%,523950,32.69,81.91
FCPT,"Four Corners Property Trust In",26.7,"80% Buy",65.87%,13.46%,504455,21.28,27.48
FELE,"Franklin Electric Co",48.45,"56% Buy",52.85%,26.47%,106955,37.6,50.3
FF,"Futurefuel Corp",15.09,"88% Buy",66.45%,27.50%,65440,11.32,16.22
FFBC,"First Finl Bncp [Oh]",31.9,"40% Buy",54.74%,17.16%,233445,22.8,33.7
FFIN,"First Finl Bkshs Inc",60.25,"96% Buy",65.36%,17.31%,180400,37.31,61
FIX,"Comfort Systems USA",56.95,"88% Buy",72.90%,36.19%,425005,32.9,59.05
FLOW,"SPX Flow Inc",48.69,"80% Buy",59.32%,46.99%,196835,31.57,54.92
FMBI,"First Midwest Bncp",27.55,"100% Buy",60.15%,13.20%,354860,20.5,27.7
FN,Fabrinet,48.02,"100% Buy",79.37%,30.24%,474230,24.02,48.46
FNSR,"Finisar Corp",19.95,"96% Buy",64.33%,37.44%,2219650,14.25,25.44
FORM,"Formfactor Inc",13.8,"24% Buy",50.88%,36.09%,472400,11.1,18.65
FORR,"Forrester Resrch",49.5,"100% Buy",71.13%,23.19%,50135,36.95,49.85
FOSL,"Fossil Group",26.52,"16% Buy",52.25%,86.92%,2142285,5.5,32.17
FOXF,"Fox Factory Cp",64.15,"80% Buy",70.23%,79.82%,255040,33.2,68.3
FRAN,"Francesca's Holdings",7.17,"32% Sell",46.01%,33.04%,727585,4.51,8.48
FRGI,"Fiesta Restaurant Gp",29.3,"48% Buy",56.09%,20.33%,199030,15.5,30.88
FSB,"Franklin Financial Network Inc",38.5,"40% Buy",52.68%,19.04%,105475,30.3,40.3
FSP,"Franklin Street Properties",8.37,"8% Buy",47.89%,24.60%,309475,7.08,11
FSS,"Federal Signal Corp",26.04,"88% Buy",57.44%,65.94%,300635,18.01,28.32
FTD,"Ftd Companies",3.77,"48% Sell",43.73%,67.98%,210045,3.25,13.95
FTK,"Flotek Industries",2.2,"64% Sell",34.04%,113.87%,923150,1.94,6.77
FTR,"Frontier Commun Cp",5.62,"24% Buy",50.61%,61.64%,3128330,4.52,14.24
FUL,"H. B. Fuller Company",58.49,"96% Buy",61.45%,14.35%,247370,46.62,58.96
FWRD,"Foward Air Corp",63.43,"80% Buy",56.58%,15.39%,119550,49.88,65.11
GBCI,"Glacier Bancorp Inc",45.26,"88% Buy",65.43%,16.01%,319025,31.38,45.52
GBX,"Greenbrier Companies",59.4,"64% Buy",61.87%,22.69%,341460,41.95,60.15
GCI,"Gannett Co. Inc",10.51,"40% Buy",52.85%,24.90%,1024420,7.94,12.38
GCO,"Genesco Inc",46.5,"88% Buy",65.67%,30.74%,260350,20.9,47.4
GDOT,"Green Dot Corp",85.72,"96% Buy",63.54%,26.05%,315460,46.45,87.13
GEOS,"Geospace Technologie",14.06,"48% Buy",55.15%,32.13%,67080,9.18,18.71
GES,"Guess Inc",23.72,"56% Buy",55.81%,50.41%,566965,14.17,26.15
GFF,"Griffon Corp",18.2,"8% Sell",50.00%,32.86%,196700,16.8,24.5
GHL,"Greenhill & Co. Inc",29.55,"16% Sell",41.35%,16.29%,342255,13.8,33.45
GIFI,"Gulf Island Fab",9.7,"32% Buy",52.71%,50.92%,48800,6.9,13.95
GIII,"G-III Apparel Gp I",46.25,"48% Buy",54.36%,46.76%,431910,23.19,51.2
GLT,Glatfelter,18.48,"8% Sell",53.37%,96.44%,429695,15.3,23.85
GME,"Gamestop Corp",16.76,"100% Buy",65.79%,25.62%,2618875,12.2,22.12
GNBC,"Green Bancorp",24.4,"72% Buy",56.89%,15.57%,213165,19.5,25.15
GNL,"Global Net Lease Inc",21.39,"32% Buy",53.74%,28.49%,757825,15.55,22.53
GOV,"Government Properties Income Trust",16.86,"96% Buy",62.37%,32.28%,802495,11.87,19.6
GPI,"Group 1 Automotive",79.99,"96% Buy",65.55%,36.34%,288180,53.11,84.47
GPRE,"Green Plains Inc",17.95,"24% Buy",53.49%,31.13%,810585,15.25,21.9
GTLS,"Chart Industries In",73.48,Hold,50.14%,26.16%,274770,32.71,80.31
GTY,"Getty Realty Corp",29.15,"72% Buy",61.26%,12.53%,77685,22.68,29.89
GWB,"Great Western Bancorp Inc",43.83,"88% Buy",57.49%,17.28%,183475,33.27,46.03
HA,"Hawaiian Hldgs Inc",41.2,"16% Buy",53.77%,30.02%,508195,32.4,44.3
HAFC,"Hanmi Financial Cp",26.45,"8% Sell",48.10%,16.08%,166285,24.25,33.1
HAYN,"Haynes Intl Inc",37.98,"56% Sell",41.87%,20.87%,57400,29.82,45.14
HCI,"Homeowners Choice",41.08,"40% Sell",48.51%,33.06%,39525,27.11,44.25
HF,"HFF Inc",44.95,"80% Buy",64.24%,48.47%,300750,32.99,51.74
HFWA,"Heritage Financial",36.45,"100% Buy",59.43%,19.49%,230265,25.25,37.38
HI,"Hillenbrand Inc",51.05,"8% Buy",54.01%,24.19%,276635,34.65,53
HIBB,"Hibbett Sports Inc",29.4,"72% Buy",71.73%,34.30%,635120,11.05,29.6
HLIT,"Harmonic Inc",5.4,"96% Buy",69.73%,45.49%,444435,2.8,5.45
HLX,"Helix Energy Solutions Group",9.12,"16% Buy",53.91%,32.92%,1419835,5.44,10.41
HMN,"Horace Mann Educators Corp",45.75,"56% Buy",54.89%,16.15%,95655,33.85,47.65
HMST,"Homestreet Inc",30.1,"56% Buy",58.40%,19.96%,82835,24.2,32.6
HMSY,"Hms Hldgs Cp",31.46,"88% Buy",80.22%,53.66%,688615,11.01,32.5
HOPE,"Hope Bancorp Inc",17.77,Hold,53.83%,12.16%,604425,16.74,19.86
HPR,"Highpoint Resources Corp.",5.29,"56% Sell",40.59%,60.52%,1969445,2.66,7.6
HQY,Healthequity,87.37,"96% Buy",65.13%,35.59%,326255,40.21,88.3
HSC,"Harsco Corp",27.1,"100% Buy",64.91%,29.78%,420530,15.55,27.35
HSII,"Heidrick & Struggl",44.25,"96% Buy",66.22%,67.90%,216965,17.9,45.28
HSKA,"Heska Corp",103.21,"32% Buy",51.73%,33.25%,38130,56.59,111.34
HSTM,"Healthstream Inc",30.96,"96% Buy",64.14%,18.06%,114325,21.15,31.23
HT,"Hersha Hospitality Trust",22.55,"100% Buy",60.95%,14.42%,279890,16.6,22.68
HTLD,"Heartland Express",20.18,"80% Buy",57.67%,13.46%,356005,17.38,25.22
HUBG,"Hub Group Inc A",51.3,"72% Buy",53.08%,36.12%,361900,36.5,56.6
HVT,"Haverty Furniture Companies",22.3,"72% Buy",61.56%,22.31%,77325,17.7,27.23
HWKN,"Hawkins Inc",41.8,"96% Buy",62.03%,55.50%,28115,30.55,42.8
HZO,"Marinemax Inc",21.1,"40% Buy",56.82%,27.31%,282325,14.95,25.05
IBP,"Installed Building Products I",46.7,"96% Sell",37.47%,50.05%,211900,45.04,79.4
IIIN,"Insteel Industries",39.91,"16% Buy",53.42%,27.28%,179390,23.5,43.78
IIVI,"I I V I Inc",47.7,"56% Buy",59.69%,59.70%,685965,34.55,53.08
INDB,"Independent Bk Corp",90.45,"64% Buy",65.67%,13.67%,80595,66.3,95
INGN,"Inogen Inc",241.38,"96% Buy",71.13%,36.19%,223915,91.8,243.31
INN,"Summit Hotel Properties",13.66,"40% Sell",44.74%,19.37%,493660,12.77,16.39
INTL,"Intl Fcstone Inc",55.94,"72% Buy",59.34%,20.77%,44655,33.11,57
INVA,"Innoviva Inc",14.09,"16% Sell",49.45%,25.34%,724955,11.47,17.99
IOSP,"Innospec Inc",75.85,"32% Sell",44.94%,28.59%,111555,54.1,83.2
IPAR,"Inter Parfums Inc",65.95,"96% Buy",73.05%,22.20%,101185,38.3,67.5
IPHS,"Innophos Hldngs Inc",43.29,"32% Sell",35.33%,27.08%,80625,38.66,51.34
IRBT,"Irobot Corp",105.6,"100% Buy",78.10%,37.87%,768905,55.77,107.92
IRDM,"Iridium Comm Inc",20.7,"96% Buy",66.33%,35.62%,1089180,9.68,21.25
IRT,"Independence Realty Trust Inc",10.28,"48% Buy",56.03%,17.62%,486615,8.26,10.63
ITG,"Investment Technology Group",21.74,"16% Buy",47.63%,44.59%,218360,17.63,23.96
ITGR,"Integer Holdings Corp",77,"100% Buy",69.22%,25.27%,290320,42.5,77.6
ITRI,"Itron Inc",65.3,"72% Buy",61.42%,32.51%,292180,55.26,79.95
IVC,"Invacare Corp",15.8,"88% Sell",36.00%,31.80%,360440,13.15,20
IVR,"Invesco Mortgage Capital Inc",16.15,"24% Sell",49.07%,11.98%,703710,15.15,18.86
JBSS,"John B Sanfilippo",72.72,"24% Sell",41.04%,31.62%,77005,54.32,79.37
JBT,"John Bean Technologies Corp",110.75,"80% Buy",60.55%,24.25%,172450,84.81,122.65
JCP,"J.C. Penney Company Inc",1.78,"96% Sell",33.62%,121.67%,18365625,1.6,4.75
JJSF,"J J Snack Foods",143.18,"48% Sell",41.44%,24.40%,65030,124.1,159.05
JRVR,"James River Gp HD",40.86,"80% Buy",54.68%,17.88%,92895,32.17,44.34
KALU,"Kaiser Aluminum",106.72,"24% Sell",45.21%,19.91%,93095,90.93,119.66
KAMN,"Kaman Corp",65.18,"48% Sell",43.13%,17.90%,155330,47.66,75.08
KELYA,"Kelly Svcs Cl A",25.22,"64% Buy",59.64%,16.58%,123795,21.15,32.31
KEM,"Kemet Corp",25.03,"32% Buy",49.68%,38.18%,1205860,13.73,29.85
KFY,"Korn/Ferry International",66.68,"56% Buy",55.64%,22.61%,403900,31.99,68.98
KIRK,"Kirkland's Inc",11.86,"72% Buy",57.06%,23.47%,82965,8.55,13.48
KLIC,"Kulicke and Soffa",25.49,"16% Sell",46.18%,25.59%,586865,18.22,28.71
KN,"Knowles Corp",17.6,"56% Buy",60.36%,16.61%,720770,10.94,18.32
KOP,"Koppers Holdings Inc",34.05,"96% Sell",34.87%,35.80%,174245,33.65,51.8
KOPN,"Kopin Cp",2.23,"88% Sell",30.50%,87.34%,415185,2.12,4.6
KRA,"Kraton Performance Polymers Inc",46.53,"56% Sell",46.70%,29.20%,142750,31.48,53.99
KRG,"Kite Realty Group Trust",17.43,"96% Buy",59.80%,22.37%,514400,13.87,20.79
KS,"Kapstone Paper and Packaging Corp",34.35,"56% Sell",40.46%,4.08%,508105,20.42,35.01
KWR,"Quaker Chemical Corp",177.25,"96% Buy",63.58%,41.88%,42190,133.05,178.9
LABL,"Multi Color Cp",61,"88% Sell",41.00%,40.52%,96135,57.76,89.7
LAD,"Lithia Motors",86.81,"24% Sell",42.47%,30.85%,311805,78.85,127.99
LCI,"Lannett Co Inc",4.75,"100% Sell",20.90%,325.25%,2207120,4.6,30.35
LCII,"Lci Industries",92,"24% Sell",46.43%,53.07%,197570,80.95,132.73
LDL,"Lydall Inc",44.7,"32% Buy",54.17%,44.25%,84930,37.5,60
LGIH,"LGI Homes Inc",57.28,"8% Buy",50.83%,52.22%,352550,40.73,81.88
LGND,"Ligand Pharm",249.97,"88% Buy",63.04%,45.76%,402465,123.11,255.38
LHCG,"LHC Group Inc",98.72,"96% Buy",72.96%,27.41%,230830,58.65,99.3
LION,"Fidelity Southern Cp",24.16,Hold,45.88%,13.87%,79715,20.28,27.05
LKSD,"Lsc Communications Inc",12.24,"48% Sell",44.84%,89.39%,393820,10.64,18.64
LL,"Lumber Liquidators Holdings Inc",17.35,"64% Sell",31.29%,85.72%,1860355,16.9,41.33
LMAT,"Lemaitre Vascular",36.69,"56% Buy",52.58%,32.32%,119855,28.23,41.28
LMNX,"Luminex Corp",27.77,"16% Sell",43.80%,120.24%,507550,18.62,35.37
LNN,"Lindsay Corp",91.14,"24% Sell",45.62%,21.48%,47115,83.57,103.03
LNTH,"Lantheus Holdings",14.5,Hold,53.70%,62.55%,277005,12.8,24.45
LOCO,"El Pollo Loco",12.5,"96% Buy",63.96%,23.12%,278265,9.05,12.75
LPSN,"Liveperson Inc",24.8,"96% Buy",62.13%,30.63%,545345,10.8,25.2
LQDT,"Liquidity Services",7.2,"56% Buy",54.77%,41.38%,94270,4.34,8
LTC,"Ltc Properties",45.55,"96% Buy",67.89%,14.43%,163290,34.46,49.59
LTXB,"Legacytexas Fnl",45.68,"72% Buy",62.77%,17.12%,214320,34.58,46.45
LXP,"Lexington Realty Trust",9.14,"96% Buy",60.67%,14.59%,784325,7.59,10.65
LXU,"Lsb Industries Inc",7.14,"80% Buy",58.54%,39.35%,115920,4.75,10.05
LZB,"La-Z-Boy Inc",33.55,"96% Buy",56.58%,61.02%,532000,23.15,39.15
MANT,"Mantech Intl Cp A",64.21,"96% Buy",65.65%,23.40%,134495,38.37,64.9
MATW,"Matthews Intl Corp",53.05,"8% Sell",45.06%,37.25%,130910,47.7,65.1
MATX,"Matson Inc",36.45,"40% Buy",50.75%,20.59%,172585,23.5,40.32
MCRI,"Monarch Casino",47.62,"64% Buy",55.28%,19.52%,75900,33.8,49.63
MCS,"Marcus Corp",39.65,"72% Buy",64.21%,33.31%,133600,23.55,40.45
MDC,"M.D.C. Holdings",32.64,"80% Buy",59.48%,26.81%,399935,26.45,37.45
MDCO,"Medicines Co",38.99,"24% Buy",52.45%,16.97%,640455,24.45,41.57
MDXG,"Mimedx Group Inc",4.2,"40% Sell",47.51%,101.47%,2354755,3.01,18.25
MED,"Medifast Inc",223.9,"96% Buy",71.33%,75.88%,252570,54.06,229.2
MEI,"Methode Electronics",40.05,"16% Sell",51.12%,20.65%,147670,36.75,48.44
MGLN,"Magellan Health",75.05,"40% Sell",32.59%,83.32%,305520,71.03,112.25
MGPI,"MGP Ingredients Inc",74.31,"80% Sell",37.44%,55.94%,254255,55.04,99.73
MHLD,"Maiden Holdings Ltd",3.85,"96% Sell",23.43%,189.41%,660520,3.8,9.1
MHO,"M/I Homes",25.97,"24% Sell",46.35%,25.22%,249050,24.08,37.41
MINI,"Mobile Mini Inc",43.9,"56% Sell",45.19%,27.90%,213045,28.1,50.4
MLI,"Mueller Industries",33.02,"96% Buy",60.84%,23.32%,209045,25.26,37.57
MMSI,"Merit Medical Sys",57.4,"96% Buy",59.93%,21.53%,304035,36.21,61.17
MNRO,"Monro Muffler Brak",71.25,"88% Buy",61.46%,24.64%,257565,45.35,71.85
MNTA,"Momenta Pharma",27.15,"40% Buy",52.02%,48.23%,434015,11.85,32.2
MOG.A,"Moog Inc Cl A",79.36,"8% Buy",54.57%,38.51%,101915,71.56,93.93
MOV,"Movado Group Inc",51.25,"96% Buy",58.51%,26.56%,143485,22,53.72
MPAA,"Motorcar Parts Amer",25.92,"96% Buy",72.89%,29.11%,229250,18.09,30.16
MRCY,"Mercury Sys Inc",51.24,"96% Buy",71.12%,60.44%,521620,30.11,55
MRTN,"Marten Transport L",22.15,"48% Sell",46.77%,27.07%,224115,15.6,29.6
MSTR,"Microstrategy Cl A",141.79,"88% Buy",59.50%,28.97%,90915,122.16,143.81
MTH,"Meritage Corp",43.35,"16% Sell",49.20%,24.28%,428425,38.8,55.5
MTRN,"Materion Corp",62.85,"24% Buy",61.32%,17.76%,104260,37.3,65.1
MTRX,"Matrix Service Co",21.5,"100% Buy",63.48%,35.26%,167585,9.93,21.75
MTSC,"M T S Systems Cp",52.65,Hold,49.08%,24.98%,78725,42,57.5
MXL,"Maxlinear Inc",18.77,"24% Buy",56.26%,31.44%,1174510,15.39,28.06
MYE,"Myers Industries",22.35,"72% Buy",63.08%,54.73%,162075,17.7,24.6
MYGN,"Myriad Genetics Inc",49.31,"100% Buy",75.55%,44.87%,781660,27.23,49.85
MYRG,"MYR Group Inc",35.12,"56% Sell",45.86%,53.41%,104775,23.32,40.81
NANO,"Nanometrics Inc",42.87,"56% Buy",57.62%,54.37%,584480,22.08,48.26
NAVG,"Navigators Grp Inc",69.6,"100% Buy",75.38%,37.25%,298575,45.8,70.13
NBHC,"National Bank Holdings Corp",40.64,"80% Buy",57.10%,12.84%,91555,30.25,41.44
NBTB,"NBT Bancorp Inc",41.11,"96% Buy",59.33%,16.72%,64460,31.28,41.88
NCI,"Navigant Consulting",23.72,"72% Buy",53.01%,57.12%,398380,14.62,25.85
NE,"Noble Corp",6.14,"56% Buy",56.10%,45.85%,4755075,3.2,6.84
NEOG,"Neogen Cp",87.54,"100% Buy",64.40%,20.22%,154895,48.84,88.56
NEWM,"New Media Investment Group Inc",15.78,"56% Sell",32.65%,32.57%,587805,13.32,19.1
NFBK,"Northfield Bncrp Del",16.62,"24% Buy",51.48%,22.33%,56690,15.14,18.39
NGVT,"Ingevity Corp",99.91,"80% Buy",63.13%,22.91%,181805,58.79,101.67
NLS,"Nautilus Group",14.6,Hold,51.37%,23.56%,242030,11.3,17.38
NMIH,"Nmi Holdings Cmn A",22.1,"72% Buy",68.42%,29.90%,440125,10.1,22.5
NP,"Neenah Paper",88.95,"56% Buy",55.60%,13.49%,65270,75.5,95.4
NPK,"National Presto Industries",137.95,"96% Buy",69.85%,28.67%,33245,88.8,140.3
NPO,"Enpro Industries",74.34,"40% Buy",51.68%,35.43%,187315,63.73,94.79
NR,"Newpark Resources",10.9,"88% Buy",56.78%,54.95%,605885,7.35,11.65
NSA,"National Storage Affiliates Tru",28.05,"64% Sell",41.96%,20.55%,379360,21.84,32.28
NSIT,"Insight Enterpr",55.36,"96% Buy",68.98%,31.68%,275485,32.1,55.41
NSP,"Insperity Inc",115.6,"96% Buy",68.25%,45.75%,326870,39.25,116.25
NTGR,"Netgear Inc",72.55,"64% Buy",61.02%,29.01%,433825,44.2,78.3
NTRI,"Nutrisystem Inc",40.45,"72% Buy",53.01%,50.06%,802385,26.06,60.8
NWBI,"Northwest Bancshares",18.37,"96% Buy",59.80%,11.05%,346510,15.06,18.56
NWN,"Northwest Natural Gas Company",63.9,"16% Buy",50.79%,16.42%,118060,51.5,69.5
NX,"Quanex Building Products Corp",17.05,"24% Sell",47.15%,27.60%,116825,16,24.6
NYMT,"New York Mtge Trust",6.33,"80% Buy",57.04%,14.06%,2474970,5.35,6.54
OCLR,"Oclaro Inc",9.39,"96% Buy",62.61%,15.81%,1450990,5.61,10.2
ODP,"Office Depot",3.36,"96% Buy",70.10%,53.53%,5591650,2,4.65
OFG,"Oriental Financial Group",16.45,"16% Buy",53.39%,36.02%,446880,7.8,17.75
OFIX,"Orthofix Intl Nv",53.88,"64% Sell",41.88%,64.17%,205055,47.16,61.98
OIS,"Oil States International",33.35,Hold,52.24%,36.67%,573925,20.23,38.95
OMCL,"Omnicell Inc",67.55,"96% Buy",73.99%,39.70%,419645,39.75,68.2
OMI,"Owens & Minor",16.61,"32% Buy",50.12%,82.01%,1348385,14.07,29.85
ONB,"Old National Bncp",20.15,"100% Buy",61.18%,14.89%,608200,15.38,20.55
OPB,"Opus Bank",28.4,"40% Sell",46.52%,13.13%,140390,21.06,30.95
ORIT,"Oritani Financial",16.55,"72% Buy",58.34%,13.44%,190430,15,17.7
ORN,"Orion Group Holdings Inc",8.89,"16% Buy",50.98%,35.84%,252635,5.21,9.83
OSIS,"O S I Systems Inc",77.16,"16% Sell",48.57%,23.50%,120050,50.5,96.64
OSPN,"Onespan Inc.",18.2,Hold,47.79%,56.33%,259905,11.05,25.45
OSUR,"Orasure Tech Inc",16.38,"64% Sell",44.85%,17.69%,400480,12.86,23.01
OXM,"Oxford Industries",94.15,"72% Buy",57.22%,23.12%,91980,57.54,97.19
PAHC,"Phibro Anl Htlh A",49.85,"80% Buy",56.90%,20.12%,101145,32.05,51.09
PARR,"Par Petroleum Corp",17.95,"48% Buy",58.29%,16.85%,163605,16.42,21.94
PATK,"Patrick Inds Inc",63.5,"80% Buy",55.58%,43.48%,174640,45.93,72.35
PDCE,"Pdc Energy Inc",54.99,"40% Sell",45.00%,55.25%,1011450,37.15,66.2
PDFS,"Pdf Solutions Inc",9.88,"80% Sell",40.04%,49.68%,255750,9.27,18.48
PEI,"Pennsylvania Real Estate Investment",10.47,"24% Sell",47.39%,36.39%,860725,8.86,12.52
PENN,"Penn Natl Gaming Inc",34.84,"56% Buy",60.41%,28.76%,1192730,20.6,36.9
PERY,"Perry Ellis Int",27.58,"16% Sell",43.97%,26.12%,106145,18.72,29.59
PES,"Pioneer Energy Services Corp",3.5,Hold,42.18%,159.66%,884485,1.6,6.35
PETS,"Petmed Express Inc",38.2,"40% Sell",49.26%,23.52%,433910,31.81,57.8
PFBC,"Preferred Bank La",62.44,"24% Sell",46.44%,18.77%,97155,49.84,69.48
PFS,"Provident Financial Services",25.72,"8% Sell",42.65%,23.03%,186830,23.26,29.12
PGNX,"Progenics Pharmaceut",7.76,"32% Sell",45.64%,66.66%,2392855,5.01,9.42
PGTI,"Pgt Inc",24.75,"80% Buy",58.81%,31.42%,548505,12.6,25.95
PJC,"Piper Jaffray Companies",78.05,"24% Buy",52.31%,17.83%,70625,52.75,99.8
PKE,"Park Electrochemical Corp",21.25,"32% Sell",41.73%,18.94%,81625,16.45,24.16
PLAB,"Photronics Inc",10.3,"100% Buy",72.14%,46.94%,494125,7.2,10.6
PLAY,"Dave & Buster's Ente",55.13,"96% Buy",68.69%,18.24%,668885,37.85,61.03
PLCE,"Children's Place Inc",135.75,"80% Buy",59.85%,28.69%,581575,99.9,161.65
PLUS,"Eplus Inc",102.05,"72% Buy",57.28%,25.78%,64225,67.65,107.25
PLXS,"Plexus Cp",60.84,"8% Sell",49.67%,12.39%,134330,49.54,66.78
PMT,"Pennymac Mortgage Investment Trust",19.9,"96% Buy",63.47%,13.81%,315545,14.87,20.07
POWI,"Power Integratn",72.65,"24% Sell",46.97%,27.77%,166715,60.55,86.6
POWL,"Powell Inds Inc",40.13,"72% Buy",66.73%,27.51%,38745,22.8,41.42
PPBI,"Pacific Premier Bncp",39.55,"24% Buy",58.73%,13.76%,278405,32.05,46.05
PRA,"Pro-Assurance Corp",47.6,"80% Buy",75.05%,22.23%,413630,34.95,63.45
PRAA,"Pra Group Inc",37.85,"40% Sell",43.59%,41.34%,282585,25.72,43.75
PRFT,"Perficient Inc",27.74,"100% Buy",60.29%,20.62%,133875,17.45,28.03
PRGS,"Progress Software",39.6,"64% Buy",56.00%,25.44%,227350,32.79,53.6
PRLB,"Proto Labs Inc",144.85,"96% Buy",66.69%,36.41%,112960,69.3,145.75
PRSC,"Providence Svc Cp",66.87,"72% Sell",39.69%,41.11%,75545,50.51,83.9
PSB,"Business Parks",129.07,"48% Buy",53.15%,12.25%,68300,107.91,137.6
PUMP,"Propetro Holding Corp",16.72,"32% Buy",52.92%,49.85%,1205550,10.92,22.88
PVAC,"Penn Va Corp",82.25,"16% Buy",52.50%,39.19%,152840,32.49,96.13
QHC,"Quorum Health Corp",4.32,"72% Sell",46.68%,66.12%,335010,3.8,10
QLYS,"Qualys Inc",87.4,"32% Buy",49.37%,28.71%,410655,45.1,98.3
QNST,"Quinstreet Inc",15.8,"96% Buy",63.31%,64.56%,773510,4.63,15.82
QSII,"Quality Systems Inc",22.4,"96% Buy",66.35%,31.28%,239970,12.24,23.73
RAVN,"Raven Industries Inc",46.85,"100% Buy",77.95%,50.69%,96440,26.7,47.35
RCII,"Rent-A-Center Inc",14.73,"16% Buy",63.16%,5.47%,937690,7.22,14.94
RECN,"Resources Connect",15.65,"64% Sell",42.96%,15.04%,128380,12.05,17.95
REGI,"Renewable Energy",26.65,"100% Buy",89.02%,44.53%,843510,9.5,26.7
REI,"Ring Energy Inc",11.99,"56% Sell",45.12%,37.35%,411055,11.11,17.35
REX,"Rex American Resources Corp",78.35,"56% Buy",56.21%,21.02%,23800,70.48,96.62
RGEN,"Repligen Cp",52.2,"100% Buy",70.10%,24.10%,294505,29.56,52.38
RGNX,"Regenxbio Inc",66.5,"8% Sell",47.56%,34.40%,588855,19.45,85.1
RGR,"Sturm Ruger & Company",59.9,"32% Buy",58.59%,29.01%,182865,43,64.55
RGS,"Regis Corp",21.14,"100% Buy",79.16%,50.08%,263820,12.06,22.4
RH,"Restoration Hardware Holdings",158.18,"96% Buy",67.18%,29.36%,664595,44,164.49
RLI,"Rli Corp",76.9,"80% Buy",68.05%,11.27%,141015,50.34,78.42
RMAX,"Re/Max Holdings Inc",49.3,"64% Sell",41.08%,26.36%,134410,43.85,67.5
RMBS,"Rambus Inc",11.73,"88% Sell",34.27%,25.80%,865260,11.5,15.5
ROCK,"Gibraltar Ind Inc",45.75,"96% Buy",64.48%,31.58%,177460,27.45,46.6
ROG,"Rogers Corp",133.93,"96% Buy",62.28%,35.09%,136875,105.6,184
ROIC,"Retail Opp Invts Cp",19.58,"80% Buy",60.68%,15.31%,931580,16.17,20.54
RPT,"Ramco-Gershenson Properties Trust",13.83,"96% Buy",62.44%,22.67%,640745,11.15,15
RRD,"Donnelley [R.R.] & Sons Co",5.12,"40% Sell",44.27%,87.53%,1194465,4.48,10.68
RRGB,"Red Robin Gourm",40.75,"48% Sell",39.47%,78.01%,537920,36.2,70.1
RTEC,"Rudolph Technologies",27.35,"88% Sell",40.86%,24.23%,230175,21.4,34.55
RUTH,"Ruth's Hospitality",31.5,"88% Buy",60.89%,59.32%,269795,17.95,33.95
RWT,"Redwood Trust",16.59,"48% Buy",53.79%,13.32%,1148070,14.29,17.5
RYAM,"Rayonier Advanced Materials Inc",20.91,"80% Buy",64.37%,39.36%,812590,13.31,22.96
SAFT,"Safety Ins Group Inc",95.3,"64% Buy",61.84%,17.72%,29400,67.5,97.25
SAH,"Sonic Automotive",22,"88% Buy",57.53%,36.81%,168530,16.2,23.6
SAIA,"Saia Inc",77.35,"8% Sell",50.30%,18.76%,217885,51.1,87.05
SANM,"Sanmina Corp",30.55,"48% Buy",53.38%,17.89%,327790,24.6,39.4
SBCF,"Seacoast Banking Cp",31.46,"24% Buy",54.31%,42.20%,259505,20.58,34.95
SBSI,"Southside Bancshares",35.97,"96% Buy",56.85%,18.11%,87020,31.2,37.57
SCHL,"Scholastic Cp",41.78,"8% Sell",45.88%,15.45%,95375,33.51,47.76
SCL,"Stepan Company",87.48,"56% Buy",58.63%,16.20%,69080,68.09,90.96
SCSC,"Scansource Inc",42.65,"96% Buy",58.07%,25.03%,64635,31.4,45.35
SCVL,"Shoe Carnival Inc",35.37,"88% Buy",65.67%,24.23%,193110,15.07,36.33
SEDG,"Solaredge Tech",47.1,"48% Sell",43.39%,63.56%,1079800,24.7,70.74
SEM,"Select Medical Holdings Corp",19.4,"16% Buy",49.82%,35.57%,688135,15.85,21.65
SENEA,"Seneca Foods Cp A",31.35,"96% Buy",61.54%,42.64%,20090,25.45,36.6
SFBS,"Servisfirst Bancs",43.47,"48% Buy",54.19%,15.72%,85040,32.54,44.95
SFLY,"Shutterfly Inc",76.01,"56% Sell",35.68%,30.24%,1037070,39.76,100.34
SFNC,"Simmons First Natl",31.3,"56% Buy",55.62%,16.61%,218675,24.98,33.45
SHAK,"Shake Shack Inc",58.1,"32% Sell",43.82%,51.78%,1075115,30.12,70.12
SHOO,"Steven Maddens Ltd",58.55,"96% Buy",64.05%,19.93%,380500,37.25,58.7
SIGI,"Selective Ins Group",63.6,"80% Buy",66.05%,23.71%,135935,46.28,64.25
SJI,"South Jersey Industries",33.34,"8% Buy",50.48%,15.13%,430280,25.96,36.41
SKYW,"Skywest Inc",62.7,"96% Buy",62.20%,27.60%,216850,31.75,65.32
SLCA,"U.S. Silica Holdings Inc",22.23,"96% Sell",35.92%,42.52%,2134180,22.1,38.7
SMCI,"Super Micro Computer",17.24,"80% Sell",31.16%,71.73%,1970030,14.2,27.9
SMP,"Standard Motor Products",50.71,"96% Buy",58.95%,21.66%,99800,40.56,51.8
SMTC,"Semtech Corp",49.95,"56% Buy",53.34%,29.88%,310665,31.3,51.95
SNBR,"Sleep Number Corporation",32.51,"48% Buy",60.39%,38.39%,647580,26.22,40.72
SONC,"Sonic Cp",34.26,"24% Sell",50.55%,24.24%,521915,22.11,37.44
SPOK,"Spok Holdings Inc",15.6,"64% Buy",56.80%,25.12%,112955,13.75,18.85
SPPI,"Spectrum Pharma Inc",23.68,"88% Buy",61.34%,46.20%,1048055,9.03,24.2
SPSC,"Sps Commerce Inc",94.72,"80% Buy",70.39%,41.04%,231425,45.02,96.58
SPTN,"Spartannash Company",21.35,"56% Sell",39.61%,73.90%,213940,16.32,27.72
SPXC,"SPX Corp",34.24,"64% Sell",41.82%,21.72%,174645,23.41,39.28
SR,"Spire Inc",75.6,"80% Buy",60.35%,14.18%,210865,60.08,82.85
SRCI,"Src Energy Inc",9.7,"80% Sell",42.03%,51.52%,3172950,7.37,13.32
SRDX,"Surmodics Inc",74.3,"96% Buy",75.29%,45.21%,135575,25,75.1
SSD,"Simpson Manufacturing Company",74.3,"88% Buy",66.85%,68.83%,387785,42.1,74.91
SSP,"E.W. Scripps Company",14.5,"80% Buy",57.53%,34.47%,334425,10.69,19.26
SSTK,"Shutterstock Inc",51.69,"72% Buy",55.59%,39.02%,280900,29.85,54
STBA,"S&T Bancorp Inc",46.95,"100% Buy",64.06%,12.94%,66905,33.92,47.24
STC,"Stewart Information Services Corp",45.06,"72% Buy",56.03%,9.77%,76680,34.48,47.37
STMP,"Stamps.Com Inc",233.2,"56% Sell",40.34%,52.27%,386840,160,285.74
STRA,"Strayer Education",135.01,"96% Buy",65.66%,49.42%,184635,76.41,138.84
SUP,"Superior Industries International",21.75,"72% Buy",63.51%,53.57%,186380,12.7,22.95
SUPN,"Supernus Pharm",44.85,"72% Sell",35.97%,43.40%,973340,33.3,61.25
SVU,"Supervalu Inc",32.19,"72% Buy",75.08%,5.92%,2428735,13.6,32.4
SWM,"Schweitzer-Mauduit International",40.09,"64% Sell",40.87%,32.75%,126090,37.05,48.06
SXC,"Suncoke Energy Inc",11.11,"48% Sell",40.03%,34.56%,339960,8.36,14.32
SXI,"Standex International Corp",109.85,"96% Buy",61.46%,17.23%,31930,89.4,112
SYKE,"Sykes Enterprises",29.22,"24% Buy",49.23%,18.01%,100835,25.9,32.15
TBI,"Trueblue Inc",29.3,"96% Buy",59.22%,27.67%,258110,19.65,29.85
TCMD,"Tactile Systems Technology Inc",65.19,"96% Buy",67.74%,73.01%,289130,22.72,65.96
TG,"Tredegar Corp",20.85,"64% Sell",39.41%,88.91%,153225,15.35,26.5
TGI,"Triumph Group",21.2,"8% Sell",51.79%,68.46%,640910,17.75,34.58
THRM,"Gentherm Inc",48.8,"96% Buy",70.21%,26.16%,204000,29.8,49.8
TILE,"Interface Inc",23.1,"16% Sell",51.07%,18.30%,308365,18.65,26.25
TISI,"Team Inc",24.95,"96% Buy",66.41%,29.99%,371035,10.8,25.45
TIVO,"Tivo Corp",13,Hold,53.75%,45.84%,997365,11.3,20.17
TLRD,"Tailored Brands Inc",21.97,"24% Sell",45.11%,51.18%,1148965,11,35.94
TMP,Tompkinstrustco,88.3,"48% Buy",55.06%,15.23%,22225,71.27,91.99
TMST,"Timken Steel Corp",13.41,"64% Sell",37.01%,69.74%,581590,12.54,20.24
TNC,"Tennant Company",76,"24% Sell",44.09%,26.09%,88385,59,86.03
TPRE,"Third Point Reinsurance Ltd Co",13.4,"40% Buy",54.77%,34.73%,694235,12.27,17.1
TREX,"Trex Company",83.19,"96% Buy",69.62%,70.53%,471915,35.96,84.21
TRHC,"Tabula Rasa Healthcare Inc",81.56,"100% Buy",75.23%,48.60%,343620,19.52,82.54
TRST,"Trustco Bank Corp NY",9.4,"100% Buy",58.64%,14.98%,328960,7.51,9.7
TTEC,"Teletech Hldgs",25.4,"88% Sell",29.19%,85.78%,63595,24.35,43.75
TTEK,"Tetra Tech Inc",69.95,"80% Buy",69.35%,35.48%,306640,40.1,70.75
TTI,"Tetra Technologies",4.86,"80% Buy",57.29%,53.59%,633180,1.85,5.11
TTMI,"TTM Technologies I",18.11,"24% Buy",49.55%,43.68%,763620,13.26,19.91
TTS,"Tile Shop Hldgs",7.95,"8% Sell",48.00%,30.37%,287720,5.15,16.05
TVPT,"Travelport Worldwide Ltd",18.58,"24% Sell",48.84%,41.61%,1161980,12.1,20.3
TVTY,"Tivity Health",32.75,"88% Sell",37.71%,21.86%,460910,29.95,48.5
TWI,"Titan International",7.4,"80% Sell",32.79%,127.47%,772765,6.71,14.53
TYPE,"Monotype Imag. Hold.",21.95,"56% Buy",60.27%,29.93%,300545,18.08,26.75
UBA,"Urstadt Biddle Properties Inc",23.04,"88% Buy",62.07%,15.09%,63520,17.2,23.94
UCBI,"United Comm Banks",30.81,"48% Sell",47.26%,17.68%,386045,24.47,34.18
UCTT,"Ultra Clean Holdings",13.99,"64% Sell",42.14%,46.69%,904515,12.75,34.59
UEIC,"Universal Elect In",43.2,"64% Buy",65.33%,85.51%,155495,26.97,67.44
UFCS,"United Fire Group I",50.2,"48% Sell",36.68%,41.44%,83955,38.95,61.56
UFI,"Unifi Inc",32.83,"48% Buy",56.42%,30.77%,65920,28.97,39.21
UFPI,"Universal Forest Prd",36.95,"24% Buy",50.70%,21.64%,204865,26.58,39.58
UHT,"Universal Health Realty Income Trust",73.99,"96% Buy",73.33%,14.46%,30165,53,78.61
UIHC,"United Insurance Hld",20.78,"32% Buy",52.08%,15.99%,73900,13.6,22.23
UNF,"Unifirst Corp",183.05,"16% Sell",46.47%,15.42%,54510,136.55,193.05
UNT,"Unit Corp",27.38,"80% Buy",60.95%,39.23%,334550,15.29,28.68
USCR,"U S Concrete Inc",48.65,"88% Sell",41.68%,57.84%,403275,44,86.35
USPH,"U.S. Physical Therapy",116.85,"96% Buy",67.12%,40.00%,64935,56.5,118.75
UVE,"Universal Insurance Holdings Inc",45.2,"80% Buy",72.15%,22.54%,259515,15.07,45.9
UVV,"Universal Corp",60.2,"24% Sell",43.43%,57.38%,223995,45.95,71.6
VAC,"Marriot Vacations Worldwide Cor",124.3,"64% Buy",56.51%,29.97%,266725,107.17,154.14
VECO,"Veeco Instrument",10.05,"96% Sell",27.31%,80.94%,799445,10,22.35
VG,"Vonage Holdings",14.24,"88% Buy",60.34%,35.09%,1471030,7.62,14.61
VIAV,"Viavi Solutions",11.37,"96% Buy",66.77%,30.43%,2435020,8.34,11.48
VICR,"Vicor Cp",58.5,"24% Buy",57.10%,38.22%,288205,16.3,64.5
VIVO,"Meridian Bioscience",15.7,"32% Buy",55.33%,22.36%,155695,13.53,17.1
VRA,"Vera Bradley",14.84,"80% Buy",60.06%,33.13%,230640,6.99,15.47
VREX,"Varex Imaging Corp",30.27,"72% Sell",37.07%,109.08%,483675,27.31,43.76
VRTS,"Virtus Inv Prts",129.35,"8% Sell",48.89%,22.37%,46385,103.81,138.02
VRTU,"Virtusa Corp",56.79,"100% Buy",65.29%,26.62%,146850,33.5,57.12
VRTV,"Veritiv Corp",47.8,"88% Buy",67.91%,53.42%,78785,20.35,51
VSI,"Vitamin Shoppe Inc",13.65,"96% Buy",82.05%,101.48%,787675,2.95,13.8
VSTO,"Vista Outdoor Inc",17.91,"56% Buy",58.81%,53.50%,559310,12.35,23.71
VVI,"Viad Corp",61.7,"96% Buy",69.41%,14.60%,56985,49.2,62.3
WABC,"Westamerica Bancorp",64.09,"96% Buy",63.50%,16.73%,92650,49.38,64.76
WAGE,"Wageworks Inc",51.7,"8% Sell",47.74%,30.16%,231070,38.4,65.8
WD,"Walker & Dunlop",55.35,"56% Sell",47.08%,30.09%,232840,42.66,61.44
WDFC,"W D 40 Co",173.25,"96% Buy",72.64%,12.68%,50170,105.45,174.5
WDR,"Waddell & Reed Financial",20.49,"48% Buy",54.56%,34.74%,955415,17.53,23.82
WETF,"Wisdomtree Invstmnts",7.99,"88% Sell",32.40%,34.29%,1313550,7.7,13.41
WGO,"Winnebago Industries",36.95,"80% Sell",42.47%,37.23%,377485,34.2,58.65
WING,"Wingstop Inc",64.84,"96% Buy",71.64%,60.43%,735400,31.53,65.1
WIRE,"Encore Wire Cp",51.2,"40% Buy",55.15%,32.06%,78475,38.7,58.7
WLH,"William Lyon Homes",20.53,"88% Sell",38.61%,34.65%,485495,19.77,32.95
WNC,"Wabash National Corp",18.63,"40% Sell",46.15%,30.19%,467410,17.47,26.54
WPG,"Washington Prime Group Inc",7.78,"32% Buy",51.52%,35.60%,2066480,5.4,8.87
WRLD,"World Acceptance Cp",117.85,"56% Buy",57.45%,25.50%,70760,71.02,125.14
WSR,"Whitestone REIT",13.53,"96% Buy",66.46%,19.09%,232290,10.06,15.15
WTS,"Watts Water Technologies",83.15,"24% Buy",51.08%,17.89%,123710,59.15,93.35
WWE,"World Wrestling Entertainment",80.64,"80% Buy",60.85%,24.71%,1423455,20.62,85.93
WWW,"Wolverine World Wide",38.54,"96% Buy",64.50%,24.41%,621715,25.25,38.85
XOXO,"Xoxo Group Inc",30.37,"32% Buy",47.91%,48.24%,230905,17.49,35.83
XPER,"Xperi Corp",16.2,"56% Sell",44.03%,27.43%,338360,15.6,28.33
ZEUS,"Olympic Steel Inc",21.28,"48% Sell",44.63%,47.32%,73140,16.58,25.84
ZUMZ,"Zumiez Inc",30,"96% Buy",71.07%,37.05%,479595,12.31,31.8
"Downloaded from Barchart.com as of 08-23-2018 07:13pm CDT"
