Symbol,Name,Last,Change,%Chg,High,Low,Volume,Time
AAOI,"Applied Optoelect",41.78,-0.72,-1.69%,42.5,41.15,1311600,07/20/18
AAON,"Aaon Inc",36.75,0.1,+0.27%,37.1,36.35,115600,07/20/18
AAT,"American Assets Trust",37.57,-0.64,-1.67%,38.21,37.49,143700,07/20/18
AAWW,"Atlas Air Ww",69,-0.25,-0.36%,69.5,68.6,222800,07/20/18
AAXN,"Axon Inc",73.83,0.76,+1.04%,74.75,72.51,771100,07/20/18
ABAX,"Abaxis Inc",83.3,0.01,+0.01%,83.33,83.21,128400,07/20/18
ABCB,"Ameris Bancorp",51.85,0.15,+0.29%,51.95,51.35,292400,07/20/18
ABG,"Asbury Automotive Group Inc",69.35,-0.05,-0.07%,69.45,68.2,202000,07/20/18
ABM,"ABM Industries Incorporated",29.94,-0.08,-0.27%,30.12,29.77,469700,07/20/18
ACET,"Aceto Cp",3.23,-0.05,-1.52%,3.3,3.16,391700,07/20/18
ACLS,"Axcelis Tech Inc",21.5,-0.3,-1.38%,21.9,21.36,253800,07/20/18
ACOR,"Acorda Therapeutics",28.75,-0.4,-1.37%,29.25,28.55,263700,07/20/18
ADC,"Agree Realty Corp",53.49,-0.93,-1.71%,54.6,53.36,166800,07/20/18
ADTN,"Adtran Inc",16.5,0.05,+0.30%,16.7,16.25,393600,07/20/18
AEGN,"Aegion Corp",25.36,-0.35,-1.36%,25.83,25.33,77800,07/20/18
AEIS,"Advanced Energy",59.84,-0.62,-1.03%,60.71,59.69,271800,07/20/18
AEL,"American Equity Investment Life",35.14,-0.01,-0.03%,35.38,34.95,307700,07/20/18
AGYS,"Agilysys Inc",16.38,-0.06,-0.36%,16.45,16.33,37000,07/20/18
AHH,"Armada Hoffler Properties Inc",15.14,-0.28,-1.82%,15.4,15.1,204900,07/20/18
AIN,"Albany International Corp",64.4,0.45,+0.70%,64.9,63.8,63000,07/20/18
AIR,"AAR Corp",46.75,-0.33,-0.70%,47.29,46.72,142000,07/20/18
AIT,"Applied Industrial Technologies",75.6,0.15,+0.20%,76.55,75.05,131400,07/20/18
AJRD,"Aerojet Rocketdyne Holdings",30.28,-0.13,-0.43%,30.5,29.92,620500,07/20/18
AKR,"Acadia Realty Trust",26.57,-0.22,-0.82%,26.78,26.4,438100,07/20/18
AKS,"AK Steel Holding Corp",4.87,0.04,+0.83%,4.95,4.83,9414600,07/20/18
ALG,"Alamo Group",91.27,0.58,+0.64%,92.12,90.63,57400,07/20/18
ALGT,"Allegiant Travel Com",144.2,0.4,+0.28%,144.5,142.7,190000,07/20/18
ALRM,Alarm.Com,44.04,-0.34,-0.77%,44.88,44,334400,07/20/18
AMAG,"Amag Pharmaceuticals",21.85,-0.3,-1.35%,22.7,21.5,553400,07/20/18
AMBC,"Ambac Financial Grp",20.22,0.08,+0.40%,20.25,19.98,170700,07/20/18
AMED,"Amedisys Inc",95.6,0.21,+0.22%,96.26,94.75,236400,07/20/18
AMN,"Amn Healthcare Services Inc",61.2,-0.3,-0.49%,62.2,61.05,221100,07/20/18
AMPH,"Amphastar Pharma",16.9,0.26,+1.56%,16.95,16.57,144700,07/20/18
AMSF,"Amerisafe Inc",62.1,0.85,+1.39%,62.2,61.15,54300,07/20/18
AMWD,"Amer Woodmark Cp",86.15,-1.45,-1.66%,87.9,85.9,180300,07/20/18
ANDE,"Andersons Inc",35.45,0.45,+1.29%,35.6,34.9,96000,07/20/18
ANF,"Abercrombie & Fitch Company",26.16,-0.71,-2.64%,27.46,26.04,1746800,07/20/18
ANGO,"Angiodynamics Inc",21.42,-0.13,-0.60%,21.75,21.29,318500,07/20/18
ANIK,"Anika Therapeutics",34.23,0.11,+0.32%,34.83,33.83,149600,07/20/18
ANIP,"ANI Pharma Inc",70.49,-0.07,-0.10%,71.19,69.42,63400,07/20/18
APEI,"American Pub. Edu.",44.65,0.4,+0.90%,46.15,43.9,146000,07/20/18
APOG,"Apogee Entrpr Inc",48.51,-0.48,-0.98%,48.91,48.37,141900,07/20/18
ARCB,"Arcbest Corp",46.7,0,unch,47.2,46.25,272700,07/20/18
ARI,"Apollo Commercial Real Estate",18.84,-0.02,-0.11%,18.88,18.75,821500,07/20/18
AROC,"Archrock Inc",12.7,-0.2,-1.55%,12.95,12.65,429400,07/20/18
ARR,"Armour Residential R",23.08,-0.06,-0.26%,23.2,23.02,274800,07/20/18
ASGN,"On Assignment",84.44,-0.13,-0.15%,84.84,83.26,203700,07/20/18
ASIX,"Advansix Inc",39.12,-0.96,-2.40%,39.99,39.03,112500,07/20/18
ASNA,"Ascena Retail Grp",3.64,-0.06,-1.62%,3.81,3.62,1574500,07/20/18
ASTE,"Astec Inds Inc",61.37,-0.3,-0.49%,62.06,61.19,79200,07/20/18
ATNI,"Atn International",54.82,-0.35,-0.63%,55.6,54.37,39800,07/20/18
ATU,"Actuant Corp",28,-0.05,-0.18%,28.3,27.9,296600,07/20/18
AVA,"Avista Corp",50.4,0,unch,50.52,50.08,303800,07/20/18
AVAV,"Aerovironment Inc",75.24,0.3,+0.40%,76.11,74.57,219200,07/20/18
AVD,"American Vanguard Corp",21.65,-0.2,-0.92%,21.9,21.6,29700,07/20/18
AVP,"Avon Products",1.42,-0.05,-3.40%,1.48,1.38,4600700,07/20/18
AWR,"American States Water Company",60.14,-0.7,-1.15%,60.88,59.82,160000,07/20/18
AXE,"Anixter International Inc",74.7,8.7,+13.18%,75,68,644300,07/20/18
AXL,"American Axle & Manufacturing",16.13,-0.34,-2.06%,16.39,15.91,1795300,07/20/18
AZZ,"Azz Inc",55.5,0.95,+1.74%,56.05,54.35,237600,07/20/18
B,"Barnes Group",61.97,0.09,+0.15%,62.46,61.23,179100,07/20/18
BABY,"Natus Medical Inc",32.75,0.2,+0.61%,32.85,32.2,230800,07/20/18
BANC,"First Pactrust Bancorp",19.3,0.05,+0.26%,19.5,19.15,417700,07/20/18
BANR,"Banner Corp",62.04,0.15,+0.24%,62.36,61.44,121000,07/20/18
BCC,"Boise Cascade L.L.C.",43.95,-2,-4.35%,45.89,43.9,375700,07/20/18
BCOR,"Blucora Inc",37.65,-0.4,-1.05%,38.2,37.5,159600,07/20/18
BCPC,"Balchem Cp",99.89,-0.58,-0.58%,100.93,99.1,56000,07/20/18
BEAT,"Biotelemetry Inc",50.35,0.05,+0.10%,50.65,50.1,203700,07/20/18
BEL,"Belmond Ltd",11.35,-0.1,-0.87%,11.57,11.35,202700,07/20/18
BELFB,"Bel Fuse Inc Cl B",22.95,0.35,+1.55%,23.05,22.57,13800,07/20/18
BFS,"Saul Centers",53.58,-0.14,-0.26%,54.08,52.95,34200,07/20/18
BGFV,"Big 5 Sporting",6.5,-0.35,-5.11%,6.9,6.5,411700,07/20/18
BGG,"Briggs & Stratton Corp",16.83,-0.01,-0.06%,16.9,16.57,466800,07/20/18
BGS,"B&G Foods Holdings",30.6,-0.1,-0.33%,31.1,30.15,561200,07/20/18
BHE,"Benchmark Electronics",29.35,-0.1,-0.34%,29.55,29.25,194900,07/20/18
BHLB,"Berkshire Hills Bancorp",41.45,0.5,+1.22%,41.55,40.2,420400,07/20/18
BJRI,"Bj's Restaurants Inc",63.1,-1.25,-1.94%,64.7,62.95,392100,07/20/18
BKE,"Buckle Inc",24.2,-0.55,-2.22%,24.95,24.05,382800,07/20/18
BKS,"Barnes & Noble",5.5,0,unch,5.55,5.4,634300,07/20/18
BLD,"Topbuild Corp",83.18,-0.78,-0.93%,84.56,82.88,186300,07/20/18
BMI,"Badger Meter",52.55,1.55,+3.04%,52.8,50.75,292500,07/20/18
BNED,"Barnes & Noble Education Inc C",5.37,-0.16,-2.89%,5.59,5.33,339900,07/20/18
BOFI,"Bofi Holding Inc",41.62,0.32,+0.77%,41.97,41.45,643600,07/20/18
BPFH,"Boston Pvt Finl Hldg",15,-0.05,-0.33%,15.05,14.7,593800,07/20/18
BRC,"Brady Corp",37.35,-0.35,-0.93%,37.8,37.2,134300,07/20/18
BRKL,"Brookline Bancorp",18.75,0.2,+1.08%,18.8,18.4,184400,07/20/18
BRKS,"Brooks Automation",32.11,-0.32,-0.99%,32.38,31.84,584600,07/20/18
BRS,"Bristow Group Inc",14.53,0.28,+1.96%,14.6,13.82,773900,07/20/18
CACI,"Caci International",179.55,1.05,+0.59%,180,177.95,88700,07/20/18
CAL,"Caleres Inc",35.65,-0.61,-1.68%,36.1,35.52,342900,07/20/18
CALM,"Cal-Maine Foods In",45.95,0.35,+0.77%,46.25,45.33,296000,07/20/18
CAMP,"Calamp Corp",23.26,0.04,+0.17%,23.48,22.96,428100,07/20/18
CASH,"Meta Financial Grp",97.85,0.25,+0.26%,98.65,96.5,52700,07/20/18
CATM,"Cardtronics Inc",26.72,-0.17,-0.63%,26.96,26.44,264200,07/20/18
CATO,"Cato Corp",25.92,0.32,+1.25%,26.25,25.55,232700,07/20/18
CBB,"Cincinnati Bell Inc",12.95,-0.6,-4.43%,13.5,12.88,568700,07/20/18
CBL,"Cbl & Associates Properties",5.29,-0.07,-1.31%,5.38,5.24,1522400,07/20/18
CBM,"Cambrex Corp",56.05,0.35,+0.63%,56.55,55.75,206600,07/20/18
CBU,"Community Bank System",62.79,0.77,+1.24%,63.08,61.81,260800,07/20/18
CCMP,"Cabot Microelectron",118.3,0.43,+0.36%,118.54,116.97,78100,07/20/18
CCOI,"Cogent Comm Hldgs",52.5,-0.25,-0.47%,53.25,52.35,133500,07/20/18
CCRN,"Cross Ctry Hlthcr",11.83,-0.13,-1.09%,12,11.78,123800,07/20/18
CDR,"Cedar Shopping Centers Inc",4.93,0.04,+0.82%,4.95,4.86,395400,07/20/18
CECO,"Career Education",18.59,-0.19,-1.01%,18.88,18.52,304400,07/20/18
CEIX,"Consol Energy Inc",42.25,0.2,+0.48%,42.76,41.9,661600,07/20/18
CENT,"Central Garden",43.55,-0.39,-0.89%,44.11,43.5,39500,07/20/18
CENTA,"Central Garden & Pet",40.71,-0.2,-0.49%,40.99,40.55,98700,07/20/18
CENX,"Century Aluminum C",12.97,-0.13,-0.95%,13.25,12.76,2223800,07/20/18
CEVA,"Ceva Inc",32.5,-0.4,-1.22%,32.8,32.15,102500,07/20/18
CHCO,"City Holding Co",79.12,1.53,+1.97%,79.37,76.8,85300,07/20/18
CHCT,"Community Healthcare Trust Inc",30.22,0.24,+0.80%,30.3,29.47,113000,07/20/18
CHS,"Chico's Fas",8.92,-0.01,-0.11%,9.07,8.9,1401800,07/20/18
CHSP,"Chesapeake Lodging Trust",32.61,-0.11,-0.34%,32.79,32.47,238200,07/20/18
CHUY,"Chuy's Holdings Inc",33.75,0.05,+0.15%,33.9,33.3,118000,07/20/18
CIR,"Circor International",40.86,0.48,+1.19%,41.44,40.22,200800,07/20/18
CJ,"C&J Energy Services Inc",22.22,0.09,+0.41%,22.61,21.86,604000,07/20/18
CKH,"Seacor Smit Inc",53.94,-0.56,-1.03%,54.8,53.9,84000,07/20/18
CLD,"Cloud Peak Energy Inc",3.18,-0.11,-3.34%,3.31,3.18,265000,07/20/18
CLDT,"Chatham Lodging Trust [Reit]",21.94,-0.04,-0.18%,22.03,21.69,225400,07/20/18
CLW,"Clearwater Paper Corp",23.6,-0.15,-0.63%,24.3,23.4,171500,07/20/18
CMO,"Capstead Mortgage Corp",8.66,0.02,+0.23%,8.7,8.61,331300,07/20/18
CMTL,"Comtech Telecom Co",33.88,-0.18,-0.53%,34.22,33.76,76900,07/20/18
CNMD,"C O N M E D Cp",73.43,-0.32,-0.43%,74.14,73.39,149200,07/20/18
CNSL,"Consolidated Communications Holdings Inc",12.15,-0.19,-1.50%,12.4,12.06,455100,07/20/18
COHU,"Cohu Inc",26.03,-0.21,-0.80%,26.36,25.82,123500,07/20/18
COKE,"Coca Cola Bot Cons",138.2,1.78,+1.30%,138.76,135.95,40500,07/20/18
COLB,"Columbia Banking Sys",42.22,0.27,+0.64%,42.5,41.63,217300,07/20/18
CORE,"Core Mark Holding",24.33,0.17,+0.70%,24.42,24.03,253100,07/20/18
CORT,"Corcept Therapeutics",13,-0.22,-1.66%,13.36,12.96,1174400,07/20/18
CPF,"Central Pacific Financial Co",29.12,0.1,+0.34%,29.21,28.75,77500,07/20/18
CPLA,"Capella Education Co",105.05,0.15,+0.14%,105.15,104.45,22900,07/20/18
CPS,"Cooper Std Hldg Inc",133.94,-2.1,-1.54%,135.74,132.58,134200,07/20/18
CPSI,"Computer Programs",34.05,0.1,+0.29%,34.2,33.8,93400,07/20/18
CRAY,"Cray Inc",25.75,-0.9,-3.38%,26.45,25.7,145500,07/20/18
CROX,"Crocs Inc",17.65,-0.41,-2.27%,18.04,17.38,938000,07/20/18
CRR,"Carbo Ceramics",9.41,0.04,+0.43%,9.52,9.16,244000,07/20/18
CRVL,"Corvel Cp",56.1,0.7,+1.26%,56.5,55.1,15900,07/20/18
CRY,Cryolife,29.95,0.2,+0.67%,30.25,29.63,96300,07/20/18
CRZO,"Carrizo Oil & Gas",28.27,-0.66,-2.28%,29.3,28.16,2307800,07/20/18
CSGS,"C S G Sys Intl",41.17,0.03,+0.07%,41.3,40.81,126700,07/20/18
CTB,"Cooper Tire & Rubber Company",25.65,-0.15,-0.58%,25.8,25.3,458300,07/20/18
CTRE,"Caretrust REIT Inc",17,-0.3,-1.73%,17.31,16.88,485600,07/20/18
CTRL,"Control4 Corp",25.21,0.35,+1.41%,25.29,24.8,165400,07/20/18
CTS,"Cts Corp",37.5,-0.15,-0.40%,38,37.4,105000,07/20/18
CUB,"Cubic Corp",68.9,-0.2,-0.29%,69.3,68.65,98800,07/20/18
CUBI,"Customers Bancorp",28.69,-0.14,-0.49%,28.92,28.5,121900,07/20/18
CUTR,"Cutera Inc",43.5,-0.05,-0.11%,43.75,43.06,66600,07/20/18
CVBF,"Cvb Financial Corp",23.17,0.37,+1.62%,23.26,22.71,472300,07/20/18
CVCO,"Cavco Inds Inc",220.1,-4.8,-2.13%,225,220.05,22500,07/20/18
CVGW,"Calavo Growers Inc",94.05,-0.1,-0.11%,95.05,93.8,91300,07/20/18
CWT,"California Water Service Group Holding",40.65,-0.5,-1.22%,41.25,40.63,96600,07/20/18
CYH,"Community Health Systems",2.71,-0.06,-2.17%,2.79,2.69,2310000,07/20/18
CYTK,Cytokinetics,8.8,-0.1,-1.12%,9,8.7,149600,07/20/18
DAKT,"Daktronics Inc",8.41,-0.06,-0.71%,8.46,8.38,117300,07/20/18
DAR,"Darling International Inc",19.85,0.04,+0.20%,19.86,19.5,598300,07/20/18
DBD,"Diebold Nixdorf Inc",11.65,-0.4,-3.32%,12.18,11.65,827900,07/20/18
DCOM,"Dime Community Bncsh",20.05,0.05,+0.25%,20.15,19.95,75100,07/20/18
DDD,"3D Systems Corp",15,-0.03,-0.20%,15.15,14.94,1460600,07/20/18
DEA,"Easterly Government Properties",19.48,-0.15,-0.76%,19.69,19.4,530300,07/20/18
DEPO,"Depomed Inc",8.14,-0.03,-0.37%,8.26,8.1,473300,07/20/18
DF,"Dean Foods Company",10.39,-0.09,-0.86%,10.5,10.34,571300,07/20/18
DFIN,"Donnelly Financial Solutions Inc",20.57,0.12,+0.59%,20.64,20.34,266600,07/20/18
DGII,"Digi Intl Inc",13.7,0,unch,13.9,13.65,78600,07/20/18
DIN,"Dineequity Inc",71.2,0.35,+0.49%,71.65,69.87,175000,07/20/18
DIOD,"Diodes Inc",38.07,0.22,+0.58%,38.33,37.66,233000,07/20/18
DNR,"Denbury Resources",4.36,-0.1,-2.24%,4.57,4.28,10667900,07/20/18
DORM,"Dorman Products Inc",73.17,-1.4,-1.88%,74.47,73.01,120800,07/20/18
DPLO,"Diplomat Pharmacy Inc",22.33,-2.6,-10.43%,24.74,22.21,3371300,07/20/18
DRH,"Diamondrock Hospitality Company",12.23,-0.06,-0.49%,12.3,12.17,1623500,07/20/18
DSPG,"D S P Group Inc",13.15,0.15,+1.15%,13.2,12.9,40300,07/20/18
DSW,"DSW Inc",27.51,-0.67,-2.38%,28.02,27.48,802500,07/20/18
DXPE,"Dxp Enterprise",42.64,0.09,+0.21%,42.78,42.13,65500,07/20/18
EBIX,"Ebix Inc",84.05,1.35,+1.63%,84.3,83.05,144800,07/20/18
EBS,"Emergent Biosolutions",54.26,-0.41,-0.75%,55.25,54.1,183800,07/20/18
ECHO,"Echo Global Logistic",31.45,0.85,+2.78%,31.55,30.5,659300,07/20/18
ECOL,"US Ecology Inc",65.65,0.65,+1.00%,66.07,64.85,59400,07/20/18
ECPG,"Encore Capital Grp",36.45,-0.25,-0.68%,36.8,36.25,242200,07/20/18
EE,"El Paso Electric Company",60.95,-0.5,-0.81%,61.7,60.25,236400,07/20/18
EFII,"Elec Imaging Inc",34.89,-0.02,-0.06%,35.15,34.6,133200,07/20/18
EGHT,"8X8 Inc",21.95,0.3,+1.39%,22.4,21.63,1174800,07/20/18
EGL,"Engility Holdings Inc",34.91,-0.17,-0.48%,35.08,34.83,70000,07/20/18
EGOV,"Nic Inc",16.15,-0.15,-0.92%,16.35,16.1,185200,07/20/18
EGP,"Eastgroup Properties",92.67,-3.11,-3.25%,96.01,92.5,456000,07/20/18
EGRX,"Eagle Pharmaceutical",83.39,-0.47,-0.56%,85.66,83.05,156000,07/20/18
EHTH,"Ehealth Inc",24,-0.34,-1.40%,24.47,23.99,86200,07/20/18
EIG,"Employers Holdings Inc",42.3,0.55,+1.32%,42.35,41.6,65200,07/20/18
ELY,"Callaway Golf Company",19.2,0.37,+1.96%,19.24,18.76,957800,07/20/18
ENDP,"Endo Int'l Plc",11.15,-0.07,-0.62%,11.34,11.09,2144200,07/20/18
ENSG,"The Ensign Group In",37.92,-0.23,-0.60%,38.47,37.88,142300,07/20/18
ENTA,"Enanta Pharmaceutica",122.34,-0.79,-0.64%,125.68,122.2,242300,07/20/18
ENVA,"Enova International Inc",38.25,-0.05,-0.13%,39,38,157600,07/20/18
EPAY,"Bottomline Tech In",55.64,0,unch,55.97,55.54,204200,07/20/18
ERA,"Era Group Inc",13.36,0.06,+0.45%,13.61,13.23,44300,07/20/18
ESE,"Esco Technologies Inc",61.1,0.2,+0.33%,61.2,60.3,147100,07/20/18
ESIO,"Electro Sci Inds",17.92,-0.11,-0.61%,18.05,17.7,310100,07/20/18
ESND,"Essendant Inc",14.42,0,unch,14.63,14.31,173400,07/20/18
ETH,"Ethan Allen Interiors Inc",24.3,-0.35,-1.42%,24.83,24.25,116300,07/20/18
EVTC,"Evertec Inc",23.25,0.3,+1.31%,23.42,23,696900,07/20/18
EXLS,"Exlservice Holdings",62.37,-0.07,-0.11%,62.5,61.98,104800,07/20/18
EXPO,"Exponent Inc",48.85,-1.6,-3.17%,50.6,47.75,339600,07/20/18
EXPR,"Express Inc",9.83,-0.28,-2.77%,10.35,9.82,1096700,07/20/18
EXTN,"Exterran Corp",27.05,-0.21,-0.77%,27.32,26.88,53200,07/20/18
EXTR,"Extreme Networks",8.84,-0.05,-0.56%,8.93,8.74,714900,07/20/18
EZPW,"Ezcorp Inc",12.25,0.05,+0.41%,12.35,12.1,316600,07/20/18
FARO,"Faro Tech Inc",57.95,0.05,+0.09%,58.35,57.7,46200,07/20/18
FBP,"First Bancorp",8.09,0.22,+2.80%,8.22,7.9,2752900,07/20/18
FCF,"First Commonwealth Financial Corp",16.2,0.07,+0.43%,16.29,16.07,257200,07/20/18
FCFS,"First Cash Fin Svcs",93.7,0.85,+0.92%,93.82,92.5,167500,07/20/18
FCN,"Fti Consulting",66.73,-0.71,-1.05%,67.79,66.54,230300,07/20/18
FCPT,"Four Corners Property Trust In",24.86,-0.24,-0.96%,25.19,24.78,360200,07/20/18
FELE,"Franklin Electric Co",46.7,0.25,+0.54%,47.3,46.3,90800,07/20/18
FF,"Futurefuel Corp",13.48,-0.11,-0.81%,13.61,13.45,33000,07/20/18
FFBC,"First Finl Bncp [Oh]",31.3,-0.7,-2.19%,32.05,30,515100,07/20/18
FFIN,"First Finl Bkshs Inc",56.5,2.8,+5.21%,56.75,53.95,384000,07/20/18
FIX,"Comfort Systems USA",48.55,-0.05,-0.10%,48.8,48.15,121100,07/20/18
FLOW,"SPX Flow Inc",45.06,0.52,+1.17%,45.77,44.17,251900,07/20/18
FMBI,"First Midwest Bncp",26.23,-0.03,-0.11%,26.5,26.08,347000,07/20/18
FN,Fabrinet,39.94,-0.09,-0.22%,40.15,39.6,275000,07/20/18
FNGN,"Financial Engines",45,0.05,+0.11%,45,45,5000,07/19/18
FNSR,"Finisar Corp",17,-0.54,-3.08%,17.45,16.88,2935800,07/20/18
FORM,"Formfactor Inc",14,-0.2,-1.41%,14.2,13.9,320400,07/20/18
FORR,"Forrester Resrch",43,-0.3,-0.69%,43.6,42.95,25600,07/20/18
FOSL,"Fossil Group",26.89,-0.52,-1.90%,28.02,26.81,1409500,07/20/18
FOXF,"Fox Factory Cp",50.95,-0.85,-1.64%,52.65,50.72,226600,07/20/18
FRAN,"Francesca's Holdings",7.75,-0.08,-1.02%,7.84,7.58,626800,07/20/18
FRGI,"Fiesta Restaurant Gp",30.15,-0.4,-1.31%,30.73,30,155800,07/20/18
FSB,"Franklin Financial Network Inc",36.7,0.15,+0.41%,36.75,36.4,58900,07/20/18
FSP,"Franklin Street Properties",8.49,-0.13,-1.51%,8.67,8.49,364400,07/20/18
FSS,"Federal Signal Corp",24.17,-0.19,-0.78%,24.39,24.06,148900,07/20/18
FTD,"Ftd Companies",3.64,-0.88,-19.47%,3.97,3.59,1237400,07/20/18
FTK,"Flotek Industries",3.01,-0.02,-0.66%,3.05,2.99,203800,07/20/18
FTR,"Frontier Commun Cp",4.71,-0.21,-4.27%,4.94,4.69,4343100,07/20/18
FUL,"H. B. Fuller Company",56.26,-0.33,-0.58%,56.95,56.2,321900,07/20/18
FWRD,"Foward Air Corp",59.89,0.38,+0.64%,60.11,59.29,67100,07/20/18
GBCI,"Glacier Bancorp Inc",42.9,2.53,+6.27%,43,40.44,897900,07/20/18
GBX,"Greenbrier Companies",57.65,1.85,+3.32%,58.7,55.25,1269600,07/20/18
GCI,"Gannett Co. Inc",10.04,-0.07,-0.69%,10.09,9.94,785700,07/20/18
GCO,"Genesco Inc",40.75,-0.7,-1.69%,41.5,40.5,266500,07/20/18
GDOT,"Green Dot Corp",81.71,0.28,+0.34%,82.18,81.13,226500,07/20/18
GEOS,"Geospace Technologie",14.12,-0.04,-0.28%,14.37,13.97,53700,07/20/18
GES,"Guess Inc",22.97,-0.53,-2.26%,23.82,22.91,667000,07/20/18
GFF,"Griffon Corp",18.5,-0.25,-1.33%,18.7,18.4,139200,07/20/18
GHL,"Greenhill & Co. Inc",31.5,0.05,+0.16%,31.73,31.35,193900,07/20/18
GIFI,"Gulf Island Fab",9.5,0.15,+1.60%,9.6,9.15,47900,07/20/18
GIII,"G-III Apparel Gp I",47.26,-0.07,-0.15%,48.39,46.66,400100,07/20/18
GLT,Glatfelter,20.25,-0.11,-0.54%,20.47,20.24,108100,07/20/18
GME,"Gamestop Corp",15.08,0.16,+1.07%,15.21,14.88,2147800,07/20/18
GNBC,"Green Bancorp",22.2,0.05,+0.23%,22.4,21.9,73700,07/20/18
GNL,"Global Net Lease Inc",20.86,-0.17,-0.81%,21.18,20.81,312100,07/20/18
GOV,"Government Properties Income Trust",15.9,-0.04,-0.25%,16,15.79,728200,07/20/18
GPI,"Group 1 Automotive",67.53,-0.24,-0.35%,68.21,66.6,117500,07/20/18
GPRE,"Green Plains Inc",15.9,-0.3,-1.85%,16.15,15.8,603500,07/20/18
GTLS,"Chart Industries In",76.88,-0.78,-1.00%,80.31,75.14,841200,07/20/18
GTY,"Getty Realty Corp",28.31,-0.23,-0.81%,28.65,28.2,78700,07/20/18
GWB,"Great Western Bancorp Inc",41.64,0.32,+0.77%,41.96,41.08,134100,07/20/18
HA,"Hawaiian Hldgs Inc",37.5,-0.25,-0.66%,37.95,37.15,778700,07/20/18
HAFC,"Hanmi Financial Cp",27.55,0.05,+0.18%,27.65,27.35,141300,07/20/18
HAYN,"Haynes Intl Inc",38.78,0.27,+0.70%,39.18,38.36,30500,07/20/18
HCI,"Homeowners Choice",42.28,-0.04,-0.09%,42.66,42.14,22300,07/20/18
HF,"HFF Inc",36.19,0.68,+1.91%,36.5,35.56,323000,07/20/18
HI,"Hillenbrand Inc",49.55,0.05,+0.10%,50.15,49.4,122100,07/20/18
HIBB,"Hibbett Sports Inc",24.05,-0.5,-2.04%,24.75,24.02,251300,07/20/18
HLIT,"Harmonic Inc",4.45,0.07,+1.71%,4.45,4.35,189400,07/20/18
HLX,"Helix Energy Solutions Group",8.71,0.1,+1.16%,8.76,8.47,1089800,07/20/18
HMN,"Horace Mann Educators Corp",45.35,0.05,+0.11%,45.6,45.15,118000,07/20/18
HMST,"Homestreet Inc",28.85,0.15,+0.52%,28.85,28.55,119900,07/20/18
HMSY,"Hms Hldgs Cp",24.25,-0.21,-0.86%,24.66,24.22,364500,07/20/18
HOPE,"Hope Bancorp Inc",17.39,0.18,+1.05%,17.53,17.14,833800,07/20/18
HPR,"Highpoint Resources Corp.",6.61,-0.05,-0.75%,6.68,6.5,1051600,07/20/18
HQY,Healthequity,82.34,0.36,+0.44%,82.73,80.6,258400,07/20/18
HSC,"Harsco Corp",23.45,-0.15,-0.64%,23.55,22.9,266200,07/20/18
HSII,"Heidrick & Struggl",34.8,-0.55,-1.56%,35.5,34.55,87100,07/20/18
HSKA,"Heska Corp",107.77,-1.55,-1.42%,110,106.62,42700,07/20/18
HSTM,"Healthstream Inc",29.15,0.05,+0.17%,29.4,29.08,91500,07/20/18
HT,"Hersha Hospitality Trust",22.33,0.06,+0.27%,22.49,22.2,320300,07/20/18
HTLD,"Heartland Express",20.87,0.94,+4.72%,20.95,19.82,2480900,07/20/18
HUBG,"Hub Group Inc A",50,0.05,+0.10%,50.1,49.6,169200,07/20/18
HVT,"Haverty Furniture Companies",21,-0.1,-0.47%,21.2,20.88,76700,07/20/18
HWKN,"Hawkins Inc",37.65,0.85,+2.31%,37.95,36.85,28100,07/20/18
HZO,"Marinemax Inc",21,-0.25,-1.18%,21.36,20.7,379100,07/20/18
IBP,"Installed Building Products I",58.35,-1,-1.68%,59.7,57.95,171600,07/20/18
IIIN,"Insteel Industries",41.77,1.72,+4.29%,42.7,39.67,425300,07/20/18
IIVI,"I I V I Inc",43.85,-1.1,-2.45%,44.85,43.55,322600,07/20/18
INDB,"Independent Bk Corp",88.15,6.5,+7.96%,88.5,83.5,277200,07/20/18
INGN,"Inogen Inc",209.72,-3.77,-1.77%,214.75,207.7,159900,07/20/18
INN,"Summit Hotel Properties",14.17,-0.07,-0.49%,14.32,14.11,328100,07/20/18
INTL,"Intl Fcstone Inc",53.2,-1.63,-2.97%,54.99,53.1,113900,07/20/18
INVA,"Innoviva Inc",14.19,-0.09,-0.63%,14.39,14.16,584900,07/20/18
IOSP,"Innospec Inc",81.55,-0.95,-1.15%,82.3,81.38,47400,07/20/18
IPAR,"Inter Parfums Inc",56.95,0.5,+0.89%,57.3,55.3,78100,07/20/18
IPHS,"Innophos Hldngs Inc",49.74,-0.38,-0.76%,50.4,49.6,61500,07/20/18
IRBT,"Irobot Corp",74.06,-3.83,-4.92%,78.72,73.89,667600,07/20/18
IRDM,"Iridium Comm Inc",18.25,0,unch,18.95,18.15,796300,07/20/18
IRT,"Independence Realty Trust Inc",9.98,-0.13,-1.29%,10.15,9.95,304600,07/20/18
ITG,"Investment Technology Group",22.37,0.03,+0.13%,22.57,22.22,119300,07/20/18
ITGR,"Integer Holdings Corp",72.15,-0.3,-0.41%,73.3,72,155300,07/20/18
ITRI,"Itron Inc",61.35,0.85,+1.40%,61.5,60.22,161500,07/20/18
IVC,"Invacare Corp",17.6,-0.45,-2.49%,18.2,17.42,313900,07/20/18
IVR,"Invesco Mortgage Capital Inc",16.07,-0.04,-0.25%,16.13,15.97,548000,07/20/18
JBSS,"John B Sanfilippo",78,0.71,+0.92%,78.41,77.08,26000,07/20/18
JBT,"John Bean Technologies Corp",96.65,1.85,+1.95%,97.1,94.45,183200,07/20/18
JCP,"J.C. Penney Company Inc",2.5,-0.06,-2.34%,2.62,2.47,12460899,07/20/18
JJSF,"J J Snack Foods",155.4,-0.04,-0.03%,155.76,154.7,41100,07/20/18
JRVR,"James River Gp HD",40.23,0.52,+1.31%,40.42,39.67,98500,07/20/18
KALU,"Kaiser Aluminum",108.13,-0.33,-0.30%,109.86,107.75,161100,07/20/18
KAMN,"Kaman Corp",67.91,-0.37,-0.54%,68.63,67.75,130300,07/20/18
KELYA,"Kelly Svcs Cl A",22.92,-0.29,-1.25%,23.22,22.9,92000,07/20/18
KEM,"Kemet Corp",28.91,-0.48,-1.63%,29.4,28.27,1517800,07/20/18
KFY,"Korn/Ferry International",65.53,-0.24,-0.36%,65.8,65.2,272000,07/20/18
KIRK,"Kirkland's Inc",11.35,-0.25,-2.16%,11.62,11.33,68100,07/20/18
KLIC,"Kulicke and Soffa",27.41,-0.62,-2.21%,28.06,27.39,1012900,07/20/18
KN,"Knowles Corp",15.76,-0.45,-2.78%,16.22,15.69,1375700,07/20/18
KOP,"Koppers Holdings Inc",39.05,-0.15,-0.38%,39.2,38.75,58100,07/20/18
KOPN,"Kopin Cp",3.11,0,unch,3.15,3.07,157200,07/20/18
KRA,"Kraton Performance Polymers Inc",48.24,-0.89,-1.81%,49.1,48.19,82700,07/20/18
KRG,"Kite Realty Group Trust",16.63,-0.25,-1.48%,16.94,16.6,437800,07/20/18
KS,"Kapstone Paper and Packaging Corp",34.78,-0.04,-0.11%,34.81,34.75,526800,07/20/18
KWR,"Quaker Chemical Corp",162.68,-0.07,-0.04%,163.57,161.9,38100,07/20/18
LABL,"Multi Color Cp",64.65,-0.6,-0.92%,65.72,64.5,57400,07/20/18
LAD,"Lithia Motors",95.33,-0.88,-0.91%,96.26,94.96,277100,07/20/18
LCI,"Lannett Co Inc",12.35,-0.45,-3.52%,12.85,12.3,491300,07/20/18
LCII,"Lci Industries",97.55,-1.1,-1.12%,99,97.05,259800,07/20/18
LDL,"Lydall Inc",45,-0.7,-1.53%,45.75,44.9,65300,07/20/18
LGIH,"LGI Homes Inc",59.91,-1.83,-2.96%,61.74,59.69,165600,07/20/18
LGND,"Ligand Pharm",231.88,-0.66,-0.28%,234.92,231.5,227400,07/20/18
LHCG,"LHC Group Inc",87.11,0.11,+0.13%,87.46,86.5,225600,07/20/18
LION,"Fidelity Southern Cp",24.9,-1.03,-3.97%,25.94,24.55,190200,07/20/18
LKSD,"Lsc Communications Inc",14.67,-0.12,-0.81%,15.01,14.61,282600,07/20/18
LL,"Lumber Liquidators Holdings Inc",25.57,-0.73,-2.78%,26.26,25.4,561700,07/20/18
LMAT,"Lemaitre Vascular",36.7,-0.22,-0.60%,37.08,36.57,187100,07/20/18
LMNX,"Luminex Corp",33.32,-0.67,-1.97%,33.99,33.26,284700,07/20/18
LNN,"Lindsay Corp",93.61,-0.49,-0.52%,94.72,93.53,45700,07/20/18
LNTH,"Lantheus Holdings",13.7,-0.15,-1.08%,13.9,13.65,188100,07/20/18
LOCO,"El Pollo Loco",11.9,-0.05,-0.42%,11.95,11.65,203600,07/20/18
LPSN,"Liveperson Inc",23.25,0.25,+1.09%,23.25,22.85,393600,07/20/18
LQDT,"Liquidity Services",6.9,0,unch,7,6.85,53500,07/20/18
LTC,"Ltc Properties",41.7,-0.35,-0.83%,42.02,41.43,137600,07/20/18
LTXB,"Legacytexas Fnl",44.53,0.67,+1.53%,44.81,43.41,509000,07/20/18
LXP,"Lexington Realty Trust",8.69,-0.08,-0.91%,8.77,8.67,574000,07/20/18
LXU,"Lsb Industries Inc",7.44,0.09,+1.22%,7.5,7.29,162500,07/20/18
LZB,"La-Z-Boy Inc",32.4,0,unch,32.8,32.1,278800,07/20/18
MANT,"Mantech Intl Cp A",60.15,-0.19,-0.31%,60.71,59.89,130500,07/20/18
MATW,"Matthews Intl Corp",58.6,-0.15,-0.26%,59.53,58.55,267900,07/20/18
MATX,"Matson Inc",36.65,-0.17,-0.46%,36.81,36.44,135900,07/20/18
MCRI,"Monarch Casino",47.86,0.02,+0.04%,47.96,47.47,25600,07/20/18
MCS,"Marcus Corp",33.15,-0.05,-0.15%,33.4,32.97,51700,07/20/18
MDC,"M.D.C. Holdings",31.84,-0.83,-2.54%,32.62,31.8,244500,07/20/18
MDCO,"Medicines Co",39.8,-0.28,-0.70%,40.17,39.64,379700,07/20/18
MDXG,"Mimedx Group Inc",3.74,-0.28,-6.97%,4.23,3.68,4260100,07/20/18
MED,"Medifast Inc",171.25,-0.4,-0.23%,173.09,167.81,133700,07/20/18
MEI,"Methode Electronics",39.15,-0.3,-0.76%,39.5,38.9,188200,07/20/18
MGLN,"Magellan Health",91.9,-3.55,-3.72%,96.7,91.45,683100,07/20/18
MGPI,"MGP Ingredients Inc",91.93,0.19,+0.21%,92.9,90.53,167700,07/20/18
MHLD,"Maiden Holdings Ltd",8.25,0.1,+1.23%,8.25,8.13,175600,07/20/18
MHO,"M/I Homes",27.01,-1.11,-3.95%,28.04,26.98,140300,07/20/18
MINI,"Mobile Mini Inc",47.55,-0.2,-0.42%,48.1,47.05,110000,07/20/18
MLI,"Mueller Industries",29.51,0.05,+0.17%,29.82,29.24,175400,07/20/18
MMSI,"Merit Medical Sys",55.8,-0.15,-0.27%,56.65,54.8,258000,07/20/18
MNRO,"Monro Muffler Brak",68.45,-0.3,-0.44%,69.1,67.7,462800,07/20/18
MNTA,"Momenta Pharma",30.35,0.4,+1.34%,30.6,29.6,371200,07/20/18
MOG.A,"Moog Inc Cl A",81.42,1.56,+1.95%,81.82,79.69,93700,07/20/18
MOV,"Movado Group Inc",49.05,-0.35,-0.71%,49.8,49,82000,07/20/18
MPAA,"Motorcar Parts Amer",20.71,-0.23,-1.10%,20.93,20.59,121900,07/20/18
MRCY,"Mercury Sys Inc",41.14,-0.46,-1.11%,41.86,40.46,434200,07/20/18
MRTN,"Marten Transport L",23.55,0.05,+0.21%,23.75,23.4,545800,07/20/18
MSTR,"Microstrategy Cl A",135.29,-2.25,-1.64%,137.61,135.22,36400,07/20/18
MTH,"Meritage Corp",44.85,-1.55,-3.34%,46.35,44.72,253200,07/20/18
MTRN,"Materion Corp",55.8,-0.1,-0.18%,56.25,55.7,40000,07/20/18
MTRX,"Matrix Service Co",19.2,-0.3,-1.54%,19.9,19.1,119000,07/20/18
MTSC,"M T S Systems Cp",54.25,-0.05,-0.09%,54.7,54.1,30300,07/20/18
MXL,"Maxlinear Inc",17.22,-0.19,-1.09%,17.48,17.14,475600,07/20/18
MYE,"Myers Industries",18.3,-0.25,-1.35%,18.55,18.3,62000,07/20/18
MYGN,"Myriad Genetics Inc",43.71,-0.04,-0.09%,43.9,43.22,835000,07/20/18
MYRG,"MYR Group Inc",38.36,0.54,+1.43%,38.52,37.36,118000,07/20/18
NANO,"Nanometrics Inc",37.37,-0.25,-0.66%,37.63,37,86600,07/20/18
NAVG,"Navigators Grp Inc",58.9,0.75,+1.29%,59.05,57.9,52400,07/20/18
NBHC,"National Bank Holdings Corp",38.66,0.32,+0.83%,38.88,38.08,116800,07/20/18
NBTB,"NBT Bancorp Inc",39.88,0.25,+0.63%,39.99,39.47,82500,07/20/18
NCI,"Navigant Consulting",21.26,-0.16,-0.75%,21.63,21.08,713200,07/20/18
NE,"Noble Corp",5.88,-0.11,-1.84%,5.97,5.79,4211600,07/20/18
NEOG,"Neogen Cp",82.11,0.32,+0.39%,82.69,79.08,206400,07/20/18
NEWM,"New Media Investment Group Inc",18.65,-0.14,-0.75%,18.8,18.63,277300,07/20/18
NFBK,"Northfield Bncrp Del",16.98,0.03,+0.18%,17.05,16.83,79400,07/20/18
NGVT,"Ingevity Corp",89.98,-0.07,-0.08%,90.64,88.89,296500,07/20/18
NLS,"Nautilus Group",14.6,0.2,+1.39%,14.6,14.2,353100,07/20/18
NMIH,"Nmi Holdings Cmn A",19.7,0.2,+1.03%,20.1,19.5,376000,07/20/18
NP,"Neenah Paper",88,-0.35,-0.40%,88.75,87.1,52700,07/20/18
NPK,"National Presto Industries",119.9,-0.1,-0.08%,120.25,119.3,20200,07/20/18
NPO,"Enpro Industries",73.45,0.16,+0.22%,73.83,72.57,66000,07/20/18
NR,"Newpark Resources",9.75,-0.1,-1.02%,9.9,9.7,329300,07/20/18
NSA,"National Storage Affiliates Tru",30.01,-0.04,-0.13%,30.14,29.71,611400,07/20/18
NSIT,"Insight Enterpr",50.13,0.02,+0.04%,50.34,49.95,134400,07/20/18
NSP,"Insperity Inc",97.75,-0.35,-0.36%,98.25,97.25,195000,07/20/18
NTGR,"Netgear Inc",75.8,-0.25,-0.33%,76.93,75.6,623600,07/20/18
NTRI,"Nutrisystem Inc",40,-0.3,-0.74%,40.65,39.75,504000,07/20/18
NWBI,"Northwest Bancshares",17.91,0.12,+0.67%,18.01,17.76,330500,07/20/18
NWN,"Northwest Natural Gas Company",64.05,-0.15,-0.23%,64.4,63.6,74200,07/20/18
NX,"Quanex Building Products Corp",17.8,-0.65,-3.52%,18.4,17.6,149200,07/20/18
NYMT,"New York Mtge Trust",6.14,0.03,+0.49%,6.14,6.1,681600,07/20/18
OCLR,"Oclaro Inc",8.75,-0.37,-4.06%,9.05,8.68,1938900,07/20/18
ODP,"Office Depot",2.71,-0.04,-1.45%,2.76,2.69,2163900,07/20/18
OFG,"Oriental Financial Group",15.9,1.3,+8.90%,16,14.95,660300,07/20/18
OFIX,"Orthofix Intl Nv",60.02,0.83,+1.40%,60.17,59.11,82400,07/20/18
OIS,"Oil States International",33.35,0.1,+0.30%,33.7,33.15,312400,07/20/18
OMCL,"Omnicell Inc",55.1,0.5,+0.92%,55.4,54,211300,07/20/18
OMI,"Owens & Minor",17.45,-0.03,-0.17%,17.64,17.26,535900,07/20/18
ONB,"Old National Bncp",19.2,0.15,+0.79%,19.35,18.95,1140100,07/20/18
OPB,"Opus Bank",29.65,-0.15,-0.50%,29.8,29.45,122100,07/20/18
ORIT,"Oritani Financial",16.45,0.1,+0.61%,16.55,16.3,114000,07/20/18
ORN,"Orion Group Holdings Inc",9.08,-0.2,-2.16%,9.33,9.03,223200,07/20/18
OSIS,"O S I Systems Inc",78.13,0.51,+0.66%,78.65,77.04,142800,07/20/18
OSPN,"Onespan Inc.",20.6,0.45,+2.23%,20.8,20.05,534200,07/20/18
OSUR,"Orasure Tech Inc",16.93,0.02,+0.12%,17.04,16.69,388700,07/20/18
OXM,"Oxford Industries",93,0.27,+0.29%,93.25,92.23,178900,07/20/18
PAHC,"Phibro Anl Htlh A",47.5,0.4,+0.85%,47.75,46.65,116600,07/20/18
PARR,"Par Petroleum Corp",17.1,-0.32,-1.84%,17.47,17.09,173100,07/20/18
PATK,"Patrick Inds Inc",60.2,-1.05,-1.71%,61.25,60.2,88200,07/20/18
PDCE,"Pdc Energy Inc",61.06,0.29,+0.48%,61.56,60.53,381400,07/20/18
PDFS,"Pdf Solutions Inc",11.7,0,unch,12.02,11.6,1126600,07/20/18
PEI,"Pennsylvania Real Estate Investment",10.75,-0.1,-0.92%,10.9,10.68,658600,07/20/18
PENN,"Penn Natl Gaming Inc",35.54,0.13,+0.37%,35.7,35.07,808300,07/20/18
PERY,"Perry Ellis Int",28.29,-0.01,-0.04%,28.46,28.2,47600,07/20/18
PES,"Pioneer Energy Services Corp",5.1,-0.1,-1.92%,5.25,5.1,616000,07/20/18
PETS,"Petmed Express Inc",40.19,-1.18,-2.85%,41.45,39.86,804200,07/20/18
PFS,"Provident Financial Services",27.86,0.2,+0.72%,28.04,27.6,178700,07/20/18
PGNX,"Progenics Pharmaceut",8.26,-0.13,-1.55%,8.48,8.23,819500,07/20/18
PGTI,"Pgt Inc",21.55,0,unch,21.9,21.5,410200,07/20/18
PJC,"Piper Jaffray Companies",76.3,0,unch,76.65,75.75,43300,07/20/18
PKE,"Park Electrochemical Corp",23.46,-0.1,-0.42%,23.68,23.12,54300,07/20/18
PLAB,"Photronics Inc",8.85,0.05,+0.57%,8.95,8.7,327700,07/20/18
PLAY,"Dave & Buster's Ente",48.95,-0.56,-1.13%,49.73,48.55,766200,07/20/18
PLCE,"Children's Place Inc",125.9,-2.15,-1.68%,127.5,124.6,361000,07/20/18
PLUS,"Eplus Inc",101.5,0.05,+0.05%,101.95,101.1,30800,07/20/18
PLXS,"Plexus Cp",61.07,-0.72,-1.17%,61.63,59.96,234300,07/20/18
PMT,"Pennymac Mortgage Investment Trust",18.78,0.11,+0.59%,18.83,18.63,734100,07/20/18
POWI,"Power Integratn",76.5,-1,-1.29%,77.55,76.4,125300,07/20/18
POWL,"Powell Inds Inc",35.09,0.01,+0.03%,35.18,34.63,32000,07/20/18
PPBI,"Pacific Premier Bncp",37.4,0.1,+0.27%,37.9,37.1,385700,07/20/18
PRA,"Pro-Assurance Corp",39,0.45,+1.17%,39.05,38.15,344500,07/20/18
PRAA,"Pra Group Inc",43.05,0.1,+0.23%,43.15,42.85,156600,07/20/18
PRFT,"Perficient Inc",27.05,-0.07,-0.26%,27.28,26.86,72200,07/20/18
PRGS,"Progress Software",39.13,-0.27,-0.69%,39.79,38.94,169100,07/20/18
PRLB,"Proto Labs Inc",135,0.65,+0.48%,135.4,134,102300,07/20/18
PRSC,"Providence Svc Cp",71.41,-0.62,-0.86%,72.33,71.33,44900,07/20/18
PSB,"Business Parks",126.69,-2.02,-1.57%,128.96,126.33,67800,07/20/18
PUMP,"Propetro Holding Corp",15.46,0.01,+0.06%,15.72,15.29,1303500,07/20/18
PVAC,"Penn Va Corp",85.35,-1.14,-1.32%,87.88,83.85,119900,07/20/18
QHC,"Quorum Health Corp",4.37,-0.07,-1.58%,4.43,4.25,120400,07/20/18
QLYS,"Qualys Inc",97.05,0.7,+0.73%,97.72,96.1,325800,07/20/18
QNST,"Quinstreet Inc",13.78,-0.02,-0.14%,14,13.56,397200,07/20/18
QSII,"Quality Systems Inc",20.16,0.46,+2.34%,20.46,19.58,540600,07/20/18
RAVN,"Raven Industries Inc",39.7,0.1,+0.25%,39.95,39.55,50500,07/20/18
RCII,"Rent-A-Center Inc",14.74,0,unch,14.76,14.71,1573600,07/20/18
RECN,"Resources Connect",14.3,0.1,+0.70%,14.81,14.2,306200,07/20/18
REGI,"Renewable Energy",16.7,-0.35,-2.05%,17.05,16.5,349700,07/20/18
REI,"Ring Energy Inc",13.31,0.04,+0.30%,13.39,12.94,403100,07/20/18
REX,"Rex American Resources Corp",74.09,0.51,+0.69%,75.34,73.6,27000,07/20/18
RGEN,"Repligen Cp",48.79,0,unch,49.33,48.34,196300,07/20/18
RGNX,"Regenxbio Inc",76.6,-2.75,-3.47%,79.9,76.25,472100,07/20/18
RGR,"Sturm Ruger & Company",56.2,-0.45,-0.79%,56.75,55.9,102000,07/20/18
RGS,"Regis Corp",17.79,-0.03,-0.17%,17.88,17.72,109300,07/20/18
RH,"Restoration Hardware Holdings",134.79,-3.83,-2.76%,138.59,134,541300,07/20/18
RLI,"Rli Corp",72.75,2.46,+3.50%,73.12,70.19,249800,07/20/18
RMAX,"Re/Max Holdings Inc",55.6,-0.35,-0.63%,56.25,55.5,48700,07/20/18
RMBS,"Rambus Inc",13.3,0.12,+0.91%,13.42,13.15,739400,07/20/18
ROCK,"Gibraltar Ind Inc",39.3,-0.6,-1.50%,39.85,39.2,64900,07/20/18
ROG,"Rogers Corp",119.08,-0.77,-0.64%,120.02,118.39,43100,07/20/18
ROIC,"Retail Opp Invts Cp",19.03,-0.12,-0.63%,19.14,18.86,885500,07/20/18
RPT,"Ramco-Gershenson Properties Trust",12.72,-0.11,-0.86%,12.85,12.68,347100,07/20/18
RRD,"Donnelley [R.R.] & Sons Co",5.51,-0.13,-2.30%,5.72,5.49,535900,07/20/18
RRGB,"Red Robin Gourm",50,-0.05,-0.10%,50.7,49.8,259000,07/20/18
RTEC,"Rudolph Technologies",30.05,-0.3,-0.99%,30.45,29.98,102300,07/20/18
RUTH,"Ruth's Hospitality",30.25,0.3,+1.00%,30.25,29.75,241800,07/20/18
RYAM,"Rayonier Advanced Materials Inc",17.08,-1.44,-7.78%,18.45,16.99,781700,07/20/18
SAFT,"Safety Ins Group Inc",89.15,-0.35,-0.39%,90.2,88.7,43500,07/20/18
SAH,"Sonic Automotive",18.15,-1.1,-5.71%,19.15,18.15,350000,07/20/18
SAIA,"Saia Inc",78.15,-1.15,-1.45%,79.15,78,198800,07/20/18
SANM,"Sanmina Corp",30.85,-0.5,-1.59%,31.3,30.8,260400,07/20/18
SBCF,"Seacoast Banking Cp",32.9,0.4,+1.23%,33.12,32.37,149300,07/20/18
SBSI,"Southside Bancshares",35.09,0.23,+0.66%,35.37,34.52,123800,07/20/18
SCHL,"Scholastic Cp",43.19,0.07,+0.16%,44.13,43.13,190900,07/20/18
SCL,"Stepan Company",82.54,0.25,+0.30%,82.89,81.52,67400,07/20/18
SCSC,"Scansource Inc",41.5,-0.05,-0.12%,41.7,41.25,47100,07/20/18
SCVL,"Shoe Carnival Inc",31.63,-0.99,-3.03%,32.79,31.22,266500,07/20/18
SEDG,"Solaredge Tech",53.65,-0.65,-1.20%,55.09,53.4,445700,07/20/18
SEM,"Select Medical Holdings Corp",19.45,0.15,+0.78%,19.55,19.25,346800,07/20/18
SENEA,"Seneca Foods Cp A",27.85,0.5,+1.83%,28.05,27.25,13100,07/20/18
SFBS,"Servisfirst Bancs",41.5,-1.92,-4.42%,43.9,41.45,255700,07/20/18
SFLY,"Shutterfly Inc",88.8,-1.21,-1.34%,91.09,88.72,351300,07/20/18
SFNC,"Simmons First Natl",31.2,0.3,+0.97%,31.45,30.6,485100,07/20/18
SHAK,"Shake Shack Inc",67.97,-0.64,-0.93%,70.12,67.84,738600,07/20/18
SHLM,"Schulman A Inc",42.95,-0.1,-0.23%,43.15,42.9,152600,07/20/18
SHOO,"Steven Maddens Ltd",55.15,-1.1,-1.96%,56.26,55.1,436000,07/20/18
SIGI,"Selective Ins Group",58.25,0.6,+1.04%,58.38,57.15,96700,07/20/18
SJI,"South Jersey Industries",33.73,-0.14,-0.41%,33.97,33.48,744400,07/20/18
SKYW,"Skywest Inc",55.5,-0.6,-1.07%,56.4,55.2,92600,07/20/18
SLCA,"U.S. Silica Holdings Inc",24.51,-0.32,-1.29%,24.93,24.2,2852600,07/20/18
SMCI,"Super Micro Computer",23.75,-0.5,-2.06%,24.2,23.7,173800,07/20/18
SMP,"Standard Motor Products",48.53,0,unch,48.84,48.11,46500,07/20/18
SMTC,"Semtech Corp",51,0.2,+0.39%,51.55,50.55,224500,07/20/18
SNBR,"Sleep Number Corporation",31.37,0.06,+0.19%,31.8,30.56,309600,07/20/18
SONC,"Sonic Cp",36.78,0.31,+0.85%,37,36.32,266300,07/20/18
SPOK,"Spok Holdings Inc",14.35,-0.1,-0.69%,14.6,14.3,87100,07/20/18
SPPI,"Spectrum Pharma Inc",23.75,-0.02,-0.08%,24.01,23.49,518100,07/20/18
SPSC,"Sps Commerce Inc",76.33,-0.23,-0.30%,76.48,75.67,140200,07/20/18
SPTN,"Spartannash Company",25.06,-0.3,-1.18%,25.55,25.04,73300,07/20/18
SPXC,"SPX Corp",36.3,-0.25,-0.68%,36.69,36.28,93300,07/20/18
SR,"Spire Inc",72.2,-0.35,-0.48%,72.45,71.45,169500,07/20/18
SRCI,"Src Energy Inc",10.97,0.08,+0.73%,11,10.88,1804600,07/20/18
SRDX,"Surmodics Inc",60.75,0.5,+0.83%,61.78,60.15,159500,07/20/18
SSD,"Simpson Manufacturing Company",62.81,-0.19,-0.30%,63.19,62.76,139600,07/20/18
SSP,"E.W. Scripps Company",12.9,0.02,+0.16%,12.95,12.53,228600,07/20/18
SSTK,"Shutterstock Inc",49.43,-0.46,-0.92%,50.25,49.32,186500,07/20/18
STBA,"S&T Bancorp Inc",45.56,0.44,+0.98%,45.68,44.89,62500,07/20/18
STC,"Stewart Information Services Corp",45.17,0.13,+0.29%,45.29,44.58,77100,07/20/18
STMP,"Stamps.Com Inc",269.75,-4.85,-1.77%,276.4,269.25,229600,07/20/18
STRA,"Strayer Education",120.01,0.09,+0.08%,120.23,119.33,65300,07/20/18
SUP,"Superior Industries International",17.2,-0.2,-1.15%,17.5,17.05,89600,07/20/18
SUPN,"Supernus Pharm",54.88,0.63,+1.15%,55.05,53.9,369200,07/20/18
SVU,"Supervalu Inc",20.61,-0.82,-3.83%,21.55,20.35,890800,07/20/18
SWM,"Schweitzer-Mauduit International",42.87,-0.36,-0.83%,43.5,42.78,81600,07/20/18
SXC,"Suncoke Energy Inc",13.37,-0.05,-0.37%,13.52,13.33,233100,07/20/18
SXI,"Standex International Corp",103.9,-0.3,-0.29%,105,103.6,23500,07/20/18
SYKE,"Sykes Enterprises",30.03,-0.24,-0.79%,30.26,30.01,59800,07/20/18
TBI,"Trueblue Inc",27.6,-0.4,-1.43%,28.25,27.58,156300,07/20/18
TCMD,"Tactile Systems Technology Inc",55.6,1.23,+2.26%,56.5,54.31,278600,07/20/18
TG,"Tredegar Corp",24.55,-0.25,-1.01%,24.95,24.47,81200,07/20/18
TGI,"Triumph Group",18.6,-0.35,-1.85%,18.98,18.45,951200,07/20/18
THRM,"Gentherm Inc",40.6,0,unch,41.2,40.2,145800,07/20/18
TILE,"Interface Inc",23.45,-0.1,-0.42%,23.75,23.4,207800,07/20/18
TISI,"Team Inc",22.05,-0.1,-0.45%,22.25,21.67,274400,07/20/18
TIVO,"Tivo Corp",12.8,0.05,+0.39%,13,12.7,754600,07/20/18
TLRD,"Tailored Brands Inc",22.39,-0.94,-4.03%,23.36,22.38,1071300,07/20/18
TMP,Tompkinstrustco,91.14,3.96,+4.54%,91.63,87.18,49100,07/20/18
TMST,"Timken Steel Corp",17.71,-0.09,-0.51%,17.99,17.71,170800,07/20/18
TNC,"Tennant Company",78.8,0.6,+0.77%,79.35,78,107600,07/20/18
TPRE,"Third Point Reinsurance Ltd Co",12.75,0,unch,12.9,12.68,324500,07/20/18
TREX,"Trex Company",68.02,-0.39,-0.57%,69.27,67.8,295200,07/20/18
TRHC,"Tabula Rasa Healthcare Inc",67.39,-0.08,-0.12%,69.01,67.16,181600,07/20/18
TRST,"Trustco Bank Corp NY",9.05,0.1,+1.12%,9.1,8.95,301000,07/20/18
TTEC,"Teletech Hldgs",34.55,0.6,+1.77%,34.55,33.22,36900,07/20/18
TTEK,"Tetra Tech Inc",60.25,-0.45,-0.74%,60.85,60.05,163800,07/20/18
TTI,"Tetra Technologies",4.39,-0.1,-2.23%,4.49,4.3,518700,07/20/18
TTMI,"TTM Technologies I",17.59,-0.3,-1.68%,17.92,17.54,546800,07/20/18
TTS,"Tile Shop Hldgs",8.8,-0.5,-5.38%,9.4,8.75,1132600,07/20/18
TVPT,"Travelport Worldwide Ltd",19.18,-0.23,-1.18%,19.62,19.17,382300,07/20/18
TVTY,"Tivity Health",34.7,0.4,+1.17%,34.95,34.2,506100,07/20/18
TWI,"Titan International",10.26,-0.36,-3.39%,10.59,10.25,148800,07/20/18
TYPE,"Monotype Imag. Hold.",20.2,-0.25,-1.22%,20.55,20.15,97100,07/20/18
UBA,"Urstadt Biddle Properties Inc",22.45,-0.05,-0.22%,22.56,22.14,85300,07/20/18
UCBI,"United Comm Banks",30.81,-0.04,-0.13%,31.04,30.51,503800,07/20/18
UCTT,"Ultra Clean Holdings",15.93,-0.11,-0.69%,16.09,15.82,779200,07/20/18
UEIC,"Universal Elect In",35.4,0.45,+1.29%,35.65,34.85,140600,07/20/18
UFCS,"United Fire Group I",56.96,0.72,+1.28%,57.03,56.1,40500,07/20/18
UFI,"Unifi Inc",31.49,-0.24,-0.76%,31.8,31.31,27700,07/20/18
UFPI,"Universal Forest Prd",36.68,0.51,+1.41%,36.73,35.78,504200,07/20/18
UHT,"Universal Health Realty Income Trust",64.87,0.24,+0.37%,65.35,63.6,26400,07/20/18
UIHC,"United Insurance Hld",20.31,-0.01,-0.05%,20.75,20.24,69000,07/20/18
UNF,"Unifirst Corp",187.2,0.75,+0.40%,187.6,186.55,49200,07/20/18
UNT,"Unit Corp",25.75,-0.67,-2.54%,26.69,25.68,254800,07/20/18
USCR,"U S Concrete Inc",52.3,-0.15,-0.29%,52.95,51.7,244000,07/20/18
USPH,"U.S. Physical Therapy",104.6,0.6,+0.58%,104.8,103.55,31900,07/20/18
UVE,"Universal Insurance Holdings Inc",37.65,0.05,+0.13%,37.9,37.3,115200,07/20/18
UVV,"Universal Corp",65.7,0.9,+1.39%,65.93,64.75,127900,07/20/18
VAC,"Marriot Vacations Worldwide Cor",119.98,-0.09,-0.07%,120.91,119.67,174300,07/20/18
VECO,"Veeco Instrument",15.45,-0.35,-2.22%,15.75,15.45,151400,07/20/18
VG,"Vonage Holdings",13.36,-0.07,-0.52%,13.45,13.28,1063600,07/20/18
VIAV,"Viavi Solutions",10.32,0.05,+0.49%,10.39,10.02,1944400,07/20/18
VICR,"Vicor Cp",50.6,-0.35,-0.69%,51.1,50.2,156100,07/20/18
VIVO,"Meridian Bioscience",15.85,0,unch,15.95,15.65,119500,07/20/18
VRA,"Vera Bradley",13.76,-0.33,-2.34%,14.12,13.61,213600,07/20/18
VREX,"Varex Imaging Corp",38.2,0.08,+0.21%,38.32,38.03,113200,07/20/18
VRTS,"Virtus Inv Prts",129.05,0.75,+0.58%,130.1,128.3,76900,07/20/18
VRTU,"Virtusa Corp",54.13,-0.02,-0.04%,54.26,53.32,135500,07/20/18
VRTV,"Veritiv Corp",40.15,-0.5,-1.23%,40.7,40.05,33800,07/20/18
VSI,"Vitamin Shoppe Inc",7.35,0.2,+2.80%,7.4,7.05,180700,07/20/18
VSTO,"Vista Outdoor Inc",15.59,-0.14,-0.89%,15.89,15.33,299100,07/20/18
VVI,"Viad Corp",56.95,-0.1,-0.18%,57.15,55.95,49600,07/20/18
WABC,"Westamerica Bancorp",59.12,-0.61,-1.02%,59.44,57.7,98100,07/20/18
WAGE,"Wageworks Inc",51.65,0.55,+1.08%,52,51,340600,07/20/18
WD,"Walker & Dunlop",59.54,0.19,+0.32%,59.96,58.94,101300,07/20/18
WDFC,"W D 40 Co",159.7,-1.5,-0.93%,161.1,159.45,72500,07/20/18
WDR,"Waddell & Reed Financial",19.05,0.06,+0.32%,19.22,18.84,808200,07/20/18
WETF,"Wisdomtree Invstmnts",9.09,-0.1,-1.09%,9.19,9.03,413800,07/20/18
WGO,"Winnebago Industries",41.7,-1.05,-2.46%,42.78,41.6,344700,07/20/18
WING,"Wingstop Inc",52.13,-0.65,-1.23%,53.3,52.1,326800,07/20/18
WIRE,"Encore Wire Cp",48.7,-0.35,-0.71%,49.25,48.55,53700,07/20/18
WLH,"William Lyon Homes",23.6,-0.97,-3.95%,24.59,23.46,294400,07/20/18
WNC,"Wabash National Corp",19.88,-0.33,-1.63%,20.25,19.85,360500,07/20/18
WPG,"Washington Prime Group Inc",7.69,-0.03,-0.39%,7.8,7.65,1438400,07/20/18
WRLD,"World Acceptance Cp",123.99,3.68,+3.06%,125.14,118.25,98800,07/20/18
WSR,"Whitestone REIT",12.75,-0.15,-1.16%,12.91,12.68,193900,07/20/18
WTS,"Watts Water Technologies",84,0.15,+0.18%,84.6,83.3,101200,07/20/18
WWE,"World Wrestling Entertainment",82.92,0.8,+0.97%,83.18,81.27,596400,07/20/18
WWW,"Wolverine World Wide",36.13,-0.39,-1.07%,36.77,36.02,368800,07/20/18
XOXO,"Xoxo Group Inc",33.97,-0.23,-0.67%,34.6,33.85,66200,07/20/18
XPER,"Xperi Corp",16.45,-0.2,-1.20%,16.75,16.4,272000,07/20/18
ZEUS,"Olympic Steel Inc",22.6,0,unch,22.96,22.52,41400,07/20/18
ZUMZ,"Zumiez Inc",21.65,-0.2,-0.92%,21.9,21.45,408600,07/20/18
"Downloaded from Barchart.com as of 07-21-2018 10:36pm CDT"
