Symbol,Name,Last,"Wtd Alpha","YTD %Chg","1M %Chg","3M %Chg","52W %Chg"
AAOI,"Applied Optoelect",40.27,-33.70,+6.48%,-3.61%,+21.22%,-37.18%
AAON,"Aaon Inc",42.15,+37.60,+14.85%,+14.69%,+33.60%,+33.18%
AAT,"American Assets Trust",39.64,+3.40,+3.66%,+5.51%,+16.31%,-0.53%
AAWW,"Atlas Air Ww",61.2,-5.00,+4.35%,-11.30%,-11.56%,-0.89%
AAXN,"Axon Inc",64.16,+143.40,+142.11%,-13.10%,+10.72%,+190.71%
ABCB,"Ameris Bancorp",49.65,+5.30,+3.01%,-4.24%,-11.42%,+14.53%
ABG,"Asbury Automotive Group Inc",76.05,+43.00,+18.83%,+9.66%,+9.11%,+50.15%
ABM,"ABM Industries Incorporated",32.29,-23.00,-14.40%,+7.85%,+8.61%,-24.80%
ACET,"Aceto Cp",3.31,-34.70,-68.01%,+2.32%,+18.88%,-79.25%
ACLS,"Axcelis Tech Inc",19.15,-17.70,-33.28%,-10.93%,-9.03%,-7.26%
ACOR,"Acorda Therapeutics",28.35,+41.30,+32.17%,-1.39%,+19.62%,+29.45%
ADC,"Agree Realty Corp",56.13,+17.50,+9.12%,+4.94%,+12.71%,+14.95%
ADTN,"Adtran Inc",16.55,-20.70,-14.47%,+0.30%,+11.45%,-23.38%
AEGN,"Aegion Corp",25,+14.10,-1.69%,-1.42%,-2.38%,+23.15%
AEIS,"Advanced Energy",57.49,-22.20,-14.80%,-3.93%,-9.68%,-19.12%
AEL,"American Equity Investment Life",37.41,+31.60,+21.74%,+6.46%,+29.58%,+37.03%
AGYS,"Agilysys Inc",15.85,+54.60,+29.07%,-3.24%,+24.22%,+53.44%
AHH,"Armada Hoffler Properties Inc",16.04,+21.80,+3.28%,+5.94%,+16.82%,+23.01%
AIN,"Albany International Corp",77.05,+51.60,+25.39%,+19.64%,+25.69%,+52.88%
AIR,"AAR Corp",45.1,+22.00,+14.79%,-3.53%,-3.86%,+28.02%
AIT,"Applied Industrial Technologies",77.15,+34.20,+13.29%,+2.05%,+8.13%,+41.82%
AJRD,"Aerojet Rocketdyne Holdings",35.81,+32.60,+14.78%,+18.26%,+24.69%,+32.19%
AKR,"Acadia Realty Trust",28.47,+4.40,+4.06%,+7.15%,+19.42%,-0.25%
AKS,"AK Steel Holding Corp",4.4,-13.20,-22.26%,-9.65%,-6.38%,-16.19%
ALG,"Alamo Group",98.83,+3.50,-12.44%,+8.28%,-0.20%,+11.09%
ALGT,"Allegiant Travel Com",136.75,+3.60,-11.63%,-5.17%,-15.38%,+15.11%
ALRM,Alarm.Com,55.68,+43.20,+47.50%,+26.43%,+31.76%,+30.46%
AMAG,"Amag Pharmaceuticals",24.1,+27.80,+81.89%,+10.30%,-2.23%,+40.52%
AMBC,"Ambac Financial Grp",21.94,+33.00,+37.30%,+8.51%,+16.45%,+20.68%
AMED,"Amedisys Inc",119.51,+172.30,+126.73%,+25.01%,+60.20%,+137.83%
AMN,"Amn Healthcare Services Inc",57,+41.50,+15.74%,-6.86%,-2.31%,+47.29%
AMPH,"Amphastar Pharma",17.96,+11.60,-6.65%,+6.27%,+8.00%,+18.00%
AMSF,"Amerisafe Inc",63.25,+16.10,+2.68%,+1.85%,+5.59%,+14.07%
AMWD,"Amer Woodmark Cp",83.5,-17.30,-35.89%,-3.08%,-6.96%,-10.55%
ANDE,"Andersons Inc",40.9,+36.90,+31.30%,+15.37%,+26.63%,+27.61%
ANF,"Abercrombie & Fitch Company",28.28,+108.50,+62.25%,+8.10%,+4.51%,+192.75%
ANGO,"Angiodynamics Inc",22.04,+36.20,+32.53%,+2.89%,+9.76%,+28.89%
ANIK,"Anika Therapeutics",41.22,-8.80,-23.54%,+20.42%,+5.86%,-21.96%
ANIP,"ANI Pharma Inc",56.13,+6.40,-12.91%,-20.37%,-12.88%,+21.60%
APEI,"American Pub. Edu.",36.15,+53.00,+44.31%,-19.04%,-8.60%,+99.72%
APOG,"Apogee Entrpr Inc",49.63,+17.70,+8.53%,+2.31%,+17.05%,+4.66%
ARCB,"Arcbest Corp",47.1,+47.30,+31.75%,+0.86%,-1.36%,+81.15%
ARI,"Apollo Commercial Real Estate",19.27,+8.70,+4.44%,+2.28%,+4.50%,+7.53%
AROC,"Archrock Inc",12.55,+25.10,+19.52%,-1.18%,+5.02%,+38.67%
ARR,"Armour Residential R",23.72,-8.10,-7.78%,+2.77%,+4.54%,-9.84%
ASGN,"On Assignment",90.21,+84.70,+40.36%,+6.83%,+7.67%,+95.98%
ASIX,"Advansix Inc",33.11,-6.10,-21.30%,-15.36%,-15.12%,+6.43%
ASNA,"Ascena Retail Grp",4.71,+105.00,+100.43%,+29.40%,+47.19%,+144.04%
ASTE,"Astec Inds Inc",46.54,-12.00,-20.44%,-24.16%,-21.08%,+0.04%
ATNI,"Atn International",74.25,+37.80,+34.36%,+35.44%,+44.74%,+27.08%
ATU,"Actuant Corp",29.1,+28.00,+15.02%,+3.93%,+18.53%,+26.52%
AVA,"Avista Corp",51.17,-1.10,-0.62%,+1.53%,-2.66%,-0.93%
AVAV,"Aerovironment Inc",85.12,+104.70,+51.57%,+13.13%,+51.76%,+127.17%
AVD,"American Vanguard Corp",19.05,-10.10,-3.05%,-12.01%,-13.61%,-3.30%
AVP,"Avon Products",2.05,-21.30,-4.65%,+44.37%,+6.77%,-21.76%
AWR,"American States Water Company",60.85,+23.90,+5.08%,+1.18%,+11.32%,+24.49%
AXE,"Anixter International Inc",72.7,+8.90,-4.34%,-2.68%,+16.23%,+2.32%
AXL,"American Axle & Manufacturing",17.7,+23.70,+3.93%,+9.73%,+9.80%,+26.52%
AZZ,"Azz Inc",53.7,+17.10,+5.09%,-3.24%,+27.86%,+13.41%
B,"Barnes Group",67.99,+14.10,+7.46%,+9.71%,+11.83%,+13.37%
BABY,"Natus Medical Inc",35.8,+9.10,-6.28%,+9.31%,+0.85%,+10.15%
BANC,"First Pactrust Bancorp",20,+5.20,-3.15%,+3.63%,+6.67%,+8.11%
BANR,"Banner Corp",66.04,+21.60,+19.81%,+6.45%,+13.65%,+20.62%
BCC,"Boise Cascade L.L.C.",46.3,+50.60,+16.04%,+5.35%,+2.77%,+60.76%
BCOR,"Blucora Inc",35.2,+42.70,+59.28%,-6.51%,-4.22%,+54.73%
BCPC,"Balchem Cp",103.32,+40.40,+28.19%,+3.43%,+9.67%,+40.84%
BEAT,"Biotelemetry Inc",56.2,+83.90,+87.96%,+11.62%,+37.75%,+57.42%
BEL,"Belmond Ltd",15.95,+17.30,+30.20%,+40.53%,+33.47%,+29.15%
BELFB,"Bel Fuse Inc Cl B",25.95,+11.70,+3.08%,+13.07%,+31.73%,-0.19%
BFS,"Saul Centers",59.21,+4.40,-4.11%,+10.51%,+24.29%,+2.83%
BGFV,"Big 5 Sporting",5.85,-29.40,-23.03%,-10.00%,-25.95%,-22.00%
BGG,"Briggs & Stratton Corp",20.96,-0.10,-17.38%,+24.54%,+10.26%,+3.00%
BGS,"B&G Foods Holdings",32.8,+9.80,-6.69%,+7.19%,+22.39%,+4.46%
BHE,"Benchmark Electronics",25.95,-21.00,-10.82%,-11.58%,-5.46%,-17.22%
BHLB,"Berkshire Hills Bancorp",41.9,+21.00,+14.48%,+1.09%,+7.99%,+26.20%
BJRI,"Bj's Restaurants Inc",66.8,+121.00,+83.52%,+5.86%,+29.71%,+106.81%
BKE,"Buckle Inc",26.75,+69.30,+12.63%,+10.54%,+4.49%,+90.39%
BKS,"Barnes & Noble",5.95,-16.00,-11.19%,+8.18%,+13.33%,-19.05%
BLD,"Topbuild Corp",68.91,+10.80,-9.02%,-17.16%,-16.36%,+21.77%
BMI,"Badger Meter",54.05,+25.00,+13.08%,+2.85%,+26.29%,+22.29%
BNED,"Barnes & Noble Education Inc C",6.48,-5.90,-21.36%,+20.67%,+6.23%,-6.36%
BOFI,"Bofi Holding Inc",37.8,+33.80,+26.42%,-9.18%,-9.33%,+43.34%
BPFH,"Boston Pvt Finl Hldg",13.9,-12.20,-10.03%,-7.33%,-17.01%,-3.47%
BRC,"Brady Corp",38.35,+11.90,+1.19%,+2.68%,-1.92%,+17.28%
BRKL,"Brookline Bancorp",18,+22.20,+14.65%,-4.00%,+3.45%,+30.67%
BRKS,"Brooks Automation",28.71,+13.70,+20.38%,-10.59%,-1.07%,+15.07%
BRS,"Bristow Group Inc",10.77,-5.90,-20.04%,-25.88%,-42.00%,+39.69%
CACI,"Caci International",188.95,+54.40,+42.77%,+5.24%,+15.00%,+53.62%
CAL,"Caleres Inc",37.05,+39.10,+10.66%,+3.93%,+3.12%,+57.66%
CALM,"Cal-Maine Foods In",49.55,+36.40,+11.47%,+7.83%,+4.21%,+40.37%
CAMP,"Calamp Corp",23.5,+21.70,+9.66%,+1.03%,+11.11%,+31.36%
CASH,"Meta Financial Grp",86.85,+7.50,-6.26%,-11.24%,-20.68%,+25.32%
CATM,"Cardtronics Inc",36.39,+67.80,+96.49%,+36.19%,+26.66%,+43.27%
CATO,"Cato Corp",23.87,+82.70,+49.94%,-7.91%,+32.24%,+75.51%
CBB,"Cincinnati Bell Inc",12.95,-33.90,-37.89%,unch,-24.05%,-36.83%
CBL,"Cbl & Associates Properties",4.66,-35.80,-17.67%,-11.91%,+4.95%,-41.82%
CBM,"Cambrex Corp",62.8,+33.00,+30.83%,+12.04%,+31.38%,+22.18%
CBU,"Community Bank System",65.63,+29.10,+22.10%,+4.52%,+9.15%,+27.09%
CCMP,"Cabot Microelectron",109.06,+42.20,+15.92%,-7.81%,-0.92%,+58.38%
CCOI,"Cogent Comm Hldgs",52.65,+20.10,+16.23%,+0.29%,+5.51%,+24.62%
CCRN,"Cross Ctry Hlthcr",9.75,-16.80,-23.59%,-17.58%,-19.55%,-20.86%
CDR,"Cedar Shopping Centers Inc",4.64,-9.30,-23.68%,-5.88%,+13.73%,-4.92%
CECO,"Career Education",16.72,+69.10,+38.41%,-10.06%,+15.87%,+95.33%
CEIX,"Consol Energy Inc",42.97,+80.60,+8.76%,+1.70%,-2.05%,+85.06%
CENT,"Central Garden",39.92,+7.50,+2.57%,-8.34%,-2.87%,+16.52%
CENTA,"Central Garden & Pet",36.54,+1.30,-3.10%,-10.24%,-5.21%,+10.16%
CENX,"Century Aluminum C",11.93,-40.60,-39.26%,-7.98%,-31.83%,-20.52%
CEVA,"Ceva Inc",28.05,-37.30,-39.22%,-13.69%,-16.89%,-31.08%
CHCO,"City Holding Co",81.69,+30.20,+21.08%,+3.25%,+10.14%,+35.20%
CHCT,"Community Healthcare Trust Inc",31.55,+25.40,+12.28%,+4.40%,+23.00%,+28.46%
CHS,"Chico's Fas",10.16,+25.80,+15.19%,+13.90%,-3.61%,+29.92%
CHSP,"Chesapeake Lodging Trust",32.38,+27.90,+19.53%,-0.71%,+6.37%,+31.57%
CHUY,"Chuy's Holdings Inc",27.45,+25.40,-2.14%,-18.67%,-1.79%,+35.89%
CIR,"Circor International",44.48,-7.10,-8.63%,+8.86%,-12.56%,-6.30%
CJ,"C&J Energy Services Inc",23.49,-15.00,-29.82%,+5.72%,-22.76%,-8.88%
CKH,"Seacor Smit Inc",50.91,+26.90,+10.15%,-5.62%,-4.00%,+40.87%
CLD,"Cloud Peak Energy Inc",2.45,-37.80,-44.94%,-22.96%,-19.67%,-18.33%
CLDT,"Chatham Lodging Trust [Reit]",21.76,+9.00,-4.39%,-0.82%,+9.35%,+10.18%
CLW,"Clearwater Paper Corp",28.65,-24.30,-36.89%,+21.40%,+10.62%,-36.54%
CMO,"Capstead Mortgage Corp",8.38,-13.60,-3.12%,-3.23%,-7.91%,-13.87%
CMTL,"Comtech Telecom Co",35.54,+69.60,+60.67%,+4.90%,+14.79%,+88.74%
CNMD,"C O N M E D Cp",78.26,+62.30,+53.54%,+6.58%,+13.67%,+61.03%
CNSL,"Consolidated Communications Holdings Inc",11.95,-30.70,-1.97%,-1.65%,+7.95%,-36.03%
COHU,"Cohu Inc",25.56,+38.60,+16.45%,-1.81%,+12.45%,+44.90%
COKE,"Coca Cola Bot Cons",172.29,-10.60,-19.96%,+24.67%,+33.29%,-15.82%
COLB,"Columbia Banking Sys",42.57,+10.00,-2.00%,+0.83%,-0.26%,+16.12%
CORE,"Core Mark Holding",34.04,+41.10,+7.79%,+39.91%,+84.50%,+28.40%
CORT,"Corcept Therapeutics",13.04,+0.30,-27.80%,+0.31%,-29.74%,-10.19%
CPF,"Central Pacific Financial Co",28.71,-3.10,-3.75%,-1.41%,-3.72%,-1.37%
CPS,"Cooper Std Hldg Inc",140.66,+36.60,+14.82%,+5.02%,+6.09%,+42.92%
CPSI,"Computer Programs",27.25,-9.00,-9.32%,-19.97%,-14.58%,-6.20%
CRAY,"Cray Inc",21.3,+4.70,-11.98%,-17.28%,-20.52%,+17.03%
CROX,"Crocs Inc",19.53,+114.90,+54.51%,+10.65%,+18.94%,+119.93%
CRR,"Carbo Ceramics",7.88,unch,-22.59%,-16.26%,-27.64%,+23.90%
CRVL,"Corvel Cp",59.5,+20.60,+12.48%,+6.06%,+12.58%,+16.44%
CRY,Cryolife,32.05,+79.60,+67.36%,+7.01%,+19.81%,+68.24%
CRZO,"Carrizo Oil & Gas",22.79,+49.50,+7.10%,-19.38%,-15.09%,+66.11%
CSGS,"C S G Sys Intl",37.69,-9.40,-13.99%,-8.45%,-6.17%,-0.87%
CTB,"Cooper Tire & Rubber Company",30.45,-8.60,-13.86%,+18.71%,+18.02%,-8.97%
CTRE,"Caretrust REIT Inc",18.15,+3.50,+8.29%,+6.76%,+18.94%,-3.76%
CTRL,"Control4 Corp",32.61,+36.40,+9.58%,+29.35%,+34.31%,+34.14%
CTS,"Cts Corp",34.85,+54.30,+35.34%,-7.07%,+7.73%,+60.23%
CUB,"Cubic Corp",73.2,+63.90,+24.17%,+6.24%,+2.38%,+72.85%
CUBI,"Customers Bancorp",24.67,-19.30,-5.08%,-14.01%,-15.17%,-11.32%
CUTR,"Cutera Inc",34.2,-7.40,-24.59%,-21.38%,-16.89%,+1.33%
CVBF,"Cvb Financial Corp",24.52,+16.30,+4.07%,+5.83%,+5.96%,+19.90%
CVCO,"Cavco Inds Inc",234.15,+84.10,+53.44%,+6.38%,+32.14%,+89.29%
CVGW,"Calavo Growers Inc",101.2,+44.10,+19.91%,+7.60%,+8.12%,+43.24%
CWT,"California Water Service Group Holding",41.45,+10.90,-8.60%,+1.97%,+6.56%,+12.64%
CYH,"Community Health Systems",3.52,-50.60,-17.37%,+29.89%,-22.47%,-49.93%
CYTK,Cytokinetics,7.05,-35.80,-13.50%,-19.89%,-22.95%,-43.60%
DAKT,"Daktronics Inc",9.03,-4.20,-1.10%,+7.37%,-8.51%,-3.63%
DAR,"Darling International Inc",20,+16.60,+10.31%,+0.76%,+10.01%,+28.21%
DBD,"Diebold Nixdorf Inc",4.4,-63.80,-73.09%,-62.23%,-65.22%,-77.44%
DCOM,"Dime Community Bncsh",18.55,-6.20,-11.46%,-7.48%,-7.71%,-0.54%
DDD,"3D Systems Corp",20.37,+43.60,+135.76%,+35.80%,+60.77%,+63.88%
DEA,"Easterly Government Properties",19.98,-0.40,-6.37%,+2.57%,+0.60%,+1.42%
DF,"Dean Foods Company",8.1,-33.50,-29.93%,-22.04%,-19.48%,-31.30%
DFIN,"Donnelly Financial Solutions Inc",19.43,-4.20,-0.31%,-5.54%,+14.56%,-3.53%
DGII,"Digi Intl Inc",12.9,+38.00,+35.08%,-5.84%,+8.40%,+50.00%
DIN,"Dineequity Inc",80.84,+88.50,+59.35%,+13.54%,+19.36%,+97.22%
DIOD,"Diodes Inc",36.98,+38.50,+28.99%,-2.86%,+10.82%,+39.65%
DNR,"Denbury Resources",4.74,+258.40,+114.48%,+8.72%,+14.77%,+308.62%
DORM,"Dorman Products Inc",80.37,+29.00,+31.45%,+9.84%,+21.83%,+23.70%
DPLO,"Diplomat Pharmacy Inc",19.36,+5.80,-3.54%,-13.30%,-21.17%,+17.83%
DRH,"Diamondrock Hospitality Company",11.73,+8.20,+3.90%,-4.09%,-1.59%,+9.22%
DSPG,"D S P Group Inc",12.15,-1.60,-2.80%,-7.60%,-3.95%,+3.85%
DSW,"DSW Inc",26.92,+38.60,+25.74%,-2.14%,+4.95%,+69.95%
DXPE,"Dxp Enterprise",46.84,+80.10,+58.40%,+9.85%,+14.86%,+83.54%
EBIX,"Ebix Inc",76.95,+23.10,-2.90%,-8.45%,+3.57%,+35.48%
EBS,"Emergent Biosolutions",59.43,+62.60,+27.89%,+9.53%,+14.29%,+70.68%
ECHO,"Echo Global Logistic",32.9,+105.60,+17.50%,+4.61%,+19.64%,+135.00%
ECOL,"US Ecology Inc",71,+55.80,+39.22%,+8.15%,+20.44%,+53.68%
ECPG,"Encore Capital Grp",40.5,-1.00,-3.80%,+11.11%,-7.32%,+3.71%
EE,"El Paso Electric Company",63.85,+21.40,+15.36%,+4.76%,+15.25%,+18.35%
EFII,"Elec Imaging Inc",33.92,+14.70,+14.87%,-2.78%,-2.11%,+2.32%
EGHT,"8X8 Inc",22.3,+68.50,+58.16%,+1.59%,+0.68%,+68.94%
EGL,"Engility Holdings Inc",34.56,+24.60,+21.82%,-1.00%,+15.51%,+17.47%
EGOV,"Nic Inc",17.1,+12.60,+3.01%,+5.88%,+8.57%,+5.23%
EGP,"Eastgroup Properties",98.2,+16.10,+11.11%,+5.97%,+9.67%,+15.20%
EGRX,"Eagle Pharmaceutical",79.13,+51.00,+48.13%,-5.11%,+21.07%,+46.10%
EHTH,"Ehealth Inc",29.62,+55.10,+70.52%,+23.42%,+49.90%,+66.97%
EIG,"Employers Holdings Inc",43.65,+4.90,-1.69%,+3.19%,+7.38%,+4.43%
ELY,"Callaway Golf Company",22.67,+76.30,+62.74%,+18.07%,+23.07%,+74.65%
ENDP,"Endo Int'l Plc",15.91,+123.20,+105.29%,+42.69%,+160.82%,+82.45%
ENSG,"The Ensign Group In",37.34,+86.50,+68.20%,-1.53%,+7.48%,+90.41%
ENTA,"Enanta Pharmaceutica",90.34,+87.40,+53.95%,-26.16%,-13.48%,+137.99%
ENVA,"Enova International Inc",35.7,+178.30,+134.87%,-6.67%,+5.31%,+191.43%
EPAY,"Bottomline Tech In",61.51,+121.50,+77.36%,+10.55%,+33.11%,+112.40%
ERA,"Era Group Inc",11.85,+23.90,+10.23%,-11.30%,-5.05%,+41.58%
ESE,"Esco Technologies Inc",68.75,+30.70,+14.11%,+12.52%,+20.61%,+27.43%
ESIO,"Electro Sci Inds",22.79,+42.90,+6.35%,+27.18%,+18.02%,+109.47%
ESND,"Essendant Inc",15.18,+36.50,+63.75%,+5.27%,+10.64%,+32.00%
ETH,"Ethan Allen Interiors Inc",23.3,-17.00,-18.53%,-4.12%,-5.86%,-20.88%
EVTC,"Evertec Inc",24.55,+48.30,+79.85%,+5.59%,+12.61%,+32.70%
EXLS,"Exlservice Holdings",60.71,+8.40,+0.60%,-2.66%,+9.49%,+9.47%
EXPO,"Exponent Inc",51.05,+55.70,+43.60%,+4.50%,+8.44%,+59.91%
EXPR,"Express Inc",10.56,+55.30,+4.04%,+7.43%,+15.16%,+85.26%
EXTN,"Exterran Corp",27.71,-0.30,-11.86%,+2.44%,-5.33%,+15.41%
EXTR,"Extreme Networks",6.35,-42.40,-49.28%,-28.17%,-30.83%,-40.54%
EZPW,"Ezcorp Inc",11.15,+9.40,-8.61%,-8.98%,-16.48%,+26.70%
FARO,"Faro Tech Inc",66.2,+81.80,+40.85%,+14.24%,+24.09%,+100.91%
FBP,"First Bancorp",8.77,+66.30,+71.96%,+8.41%,+10.87%,+59.45%
FCF,"First Commonwealth Financial Corp",17.06,+33.40,+19.13%,+5.31%,+9.36%,+36.59%
FCFS,"First Cash Fin Svcs",80.2,+26.60,+18.90%,-14.41%,-13.67%,+33.67%
FCN,"Fti Consulting",76.43,+133.90,+77.91%,+14.54%,+25.81%,+139.37%
FCPT,"Four Corners Property Trust In",27.24,+14.20,+5.99%,+9.57%,+23.48%,+9.00%
FELE,"Franklin Electric Co",48.95,+26.20,+6.64%,+4.82%,+6.64%,+26.98%
FF,"Futurefuel Corp",14.57,+10.10,+3.41%,+8.09%,+7.85%,+10.30%
FFBC,"First Finl Bncp [Oh]",31.5,+25.30,+19.54%,+0.64%,-0.47%,+32.08%
FFIN,"First Finl Bkshs Inc",60.25,+51.30,+33.74%,+6.64%,+14.54%,+51.57%
FIX,"Comfort Systems USA",56.45,+72.80,+29.32%,+16.27%,+22.58%,+71.58%
FLOW,"SPX Flow Inc",48.1,+38.00,+1.16%,+6.75%,+6.79%,+52.36%
FMBI,"First Midwest Bncp",27.17,+25.40,+13.16%,+3.58%,+7.05%,+30.69%
FN,Fabrinet,44,+31.20,+53.31%,+10.17%,+20.58%,+9.78%
FNSR,"Finisar Corp",19.19,-13.70,-5.70%,+12.88%,+15.88%,-19.13%
FORM,"Formfactor Inc",13.4,-10.00,-14.38%,-4.29%,+3.08%,-4.63%
FORR,"Forrester Resrch",48,+20.30,+8.60%,+11.63%,+14.56%,+23.71%
FOSL,"Fossil Group",24.68,+101.80,+217.63%,-8.22%,+25.92%,+229.51%
FOXF,"Fox Factory Cp",63.75,+77.80,+64.09%,+25.12%,+66.67%,+69.10%
FRAN,"Francesca's Holdings",7.27,-8.80,-0.55%,-6.19%,+26.88%,-8.90%
FRGI,"Fiesta Restaurant Gp",29.4,+78.20,+54.74%,-2.49%,+20.25%,+65.17%
FSB,"Franklin Financial Network Inc",38.4,+17.90,+12.61%,+4.63%,+9.71%,+18.89%
FSP,"Franklin Street Properties",8.5,-13.70,-20.86%,+0.12%,+11.84%,-13.00%
FSS,"Federal Signal Corp",26.11,+43.60,+29.97%,+8.03%,+7.18%,+42.21%
FTD,"Ftd Companies",3.79,-69.70,-47.29%,+4.12%,-27.81%,-70.23%
FTK,"Flotek Industries",2.12,-50.80,-54.51%,-29.57%,-39.43%,-62.34%
FTR,"Frontier Commun Cp",5.73,-54.30,-15.24%,+21.66%,-38.19%,-57.74%
FUL,"H. B. Fuller Company",57.84,+15.20,+7.37%,+2.81%,+10.17%,+17.63%
FWRD,"Foward Air Corp",63.72,+24.90,+10.93%,+6.40%,+8.00%,+24.99%
GBCI,"Glacier Bancorp Inc",44.76,+33.40,+13.63%,+4.34%,+13.69%,+35.72%
GBX,"Greenbrier Companies",57.8,+33.90,+8.44%,+0.26%,+13.33%,+31.66%
GCI,"Gannett Co. Inc",10.49,+17.80,-9.49%,+4.48%,-9.80%,+28.24%
GCO,"Genesco Inc",45.4,+66.10,+39.69%,+11.41%,+2.37%,+89.96%
GDOT,"Green Dot Corp",84.7,+77.40,+40.56%,+3.66%,+18.58%,+83.06%
GEOS,"Geospace Technologie",13.91,-3.50,+7.25%,-1.49%,+9.10%,-8.85%
GES,"Guess Inc",23.3,+36.70,+38.03%,+1.44%,-8.45%,+82.03%
GFF,"Griffon Corp",17.95,-6.70,-11.79%,-2.97%,-23.13%,-4.52%
GHL,"Greenhill & Co. Inc",29.85,+96.60,+53.08%,-5.24%,+9.14%,+88.92%
GIFI,"Gulf Island Fab",9.45,-8.60,-29.61%,-0.53%,-7.35%,-13.30%
GIII,"G-III Apparel Gp I",44.44,+59.40,+20.47%,-5.97%,+14.54%,+85.63%
GLT,Glatfelter,16.42,-11.10,-23.41%,-18.91%,-5.09%,-2.67%
GME,"Gamestop Corp",15.85,-12.90,-11.70%,+5.11%,+27.21%,-25.31%
GNBC,"Green Bancorp",24.25,+11.20,+19.46%,+9.23%,+2.32%,+10.48%
GNL,"Global Net Lease Inc",21.63,+7.70,+5.10%,+3.69%,+16.42%,+1.22%
GOV,"Government Properties Income Trust",16.78,-2.60,-9.49%,+5.53%,+25.50%,-7.75%
GPI,"Group 1 Automotive",79.35,+36.50,+11.81%,+17.50%,+10.48%,+47.16%
GPRE,"Green Plains Inc",17.95,+2.40,+6.53%,+12.89%,-13.91%,+4.06%
GTLS,"Chart Industries In",77.08,+121.90,+64.49%,+0.26%,+19.97%,+135.07%
GTY,"Getty Realty Corp",29.25,+10.50,+7.70%,+3.32%,+19.10%,+9.71%
GWB,"Great Western Bancorp Inc",43.53,+16.80,+9.37%,+4.54%,+0.65%,+20.28%
HA,"Hawaiian Hldgs Inc",43.95,+10.20,+10.29%,+17.20%,+13.13%,+5.40%
HAFC,"Hanmi Financial Cp",25.8,-12.00,-14.99%,-6.35%,-9.95%,-3.19%
HAYN,"Haynes Intl Inc",38.32,+17.40,+19.56%,-1.19%,-7.42%,+28.76%
HCI,"Homeowners Choice",41.22,+7.20,+37.86%,-2.51%,-2.58%,+2.61%
HF,"HFF Inc",44.65,+26.80,-8.20%,+23.38%,+29.76%,+23.68%
HFWA,"Heritage Financial",35.75,+33.50,+16.07%,-0.69%,+12.42%,+36.71%
HI,"Hillenbrand Inc",52,+42.80,+16.33%,+4.94%,+8.79%,+47.31%
HIBB,"Hibbett Sports Inc",26.95,+100.40,+32.11%,+12.06%,-3.23%,+147.25%
HLIT,"Harmonic Inc",5.25,+58.70,+25.00%,+17.98%,+32.91%,+56.72%
HLX,"Helix Energy Solutions Group",8.97,+41.20,+18.97%,+2.99%,+6.79%,+51.78%
HMN,"Horace Mann Educators Corp",46.15,+22.00,+4.65%,+1.76%,+4.29%,+24.39%
HMST,"Homestreet Inc",29.6,+15.00,+2.25%,+2.60%,+4.78%,+19.84%
HMSY,"Hms Hldgs Cp",31.61,+103.00,+86.49%,+30.35%,+48.75%,+81.35%
HOPE,"Hope Bancorp Inc",17.59,-1.90,-3.62%,+1.15%,-3.88%,+1.21%
HPR,"Highpoint Resources Corp.",4.91,+15.60,-4.29%,-25.72%,-29.96%,+69.31%
HQY,Healthequity,86.33,+111.90,+85.02%,+4.85%,+17.11%,+105.16%
HSC,"Harsco Corp",26,+54.40,+39.41%,+10.87%,+8.33%,+64.04%
HSII,"Heidrick & Struggl",41.85,+120.40,+70.47%,+20.26%,+7.45%,+128.69%
HSKA,"Heska Corp",101.33,+14.40,+26.33%,-5.98%,-0.85%,+3.62%
HSTM,"Healthstream Inc",30.44,+37.50,+31.43%,+4.43%,+9.89%,+34.45%
HT,"Hersha Hospitality Trust",22.05,+25.30,+26.72%,-1.25%,+11.48%,+21.82%
HTLD,"Heartland Express",20.14,-4.40,-13.71%,-3.50%,+8.16%,-3.54%
HUBG,"Hub Group Inc A",51.3,+31.60,+7.10%,+2.60%,+7.55%,+42.11%
HVT,"Haverty Furniture Companies",22.4,-1.70,-1.10%,+6.67%,+11.17%,-5.68%
HWKN,"Hawkins Inc",40.1,+15.20,+13.92%,+6.51%,+25.31%,+7.36%
HZO,"Marinemax Inc",20.65,+2.90,+9.26%,-1.67%,-13.05%,+37.21%
IBP,"Installed Building Products I",45.2,-29.50,-40.49%,-22.54%,-27.10%,-19.93%
IIIN,"Insteel Industries",39.83,+61.20,+40.64%,-4.64%,+25.25%,+60.54%
IIVI,"I I V I Inc",45.8,+24.40,-2.45%,+4.45%,+3.15%,+29.93%
INDB,"Independent Bk Corp",90,+33.70,+28.85%,+2.10%,+20.24%,+34.73%
INGN,"Inogen Inc",231.57,+161.60,+94.47%,+10.42%,+23.33%,+146.46%
INN,"Summit Hotel Properties",13.6,-9.80,-10.70%,-4.02%,-7.80%,-7.42%
INTL,"Intl Fcstone Inc",54.8,+52.00,+28.85%,+3.01%,+16.65%,+51.88%
INVA,"Innoviva Inc",14.08,+4.80,-0.78%,-0.78%,-3.50%,+14.66%
IOSP,"Innospec Inc",77.15,+32.10,+9.28%,-5.40%,+1.85%,+39.51%
IPAR,"Inter Parfums Inc",65.05,+75.40,+49.71%,+14.22%,+26.31%,+72.32%
IPHS,"Innophos Hldngs Inc",43.69,-4.30,-6.51%,-12.16%,-7.79%,-1.82%
IRBT,"Irobot Corp",97.3,+54.80,+26.86%,+31.38%,+55.85%,+0.02%
IRDM,"Iridium Comm Inc",20.7,+120.10,+75.42%,+13.42%,+79.22%,+105.97%
IRT,"Independence Realty Trust Inc",10.29,+4.00,+1.98%,+3.11%,+11.97%,+2.90%
ITG,"Investment Technology Group",22.12,+11.50,+14.91%,-1.12%,-2.85%,+10.10%
ITGR,"Integer Holdings Corp",72.15,+64.50,+59.27%,unch,+8.01%,+61.77%
ITRI,"Itron Inc",63.15,-12.40,-7.40%,+2.93%,+8.23%,-11.24%
IVC,"Invacare Corp",15.75,+6.00,-6.53%,-10.51%,-8.16%,+17.10%
IVR,"Invesco Mortgage Capital Inc",16.25,-5.00,-8.86%,+1.12%,+1.75%,-4.64%
JBSS,"John B Sanfilippo",78.48,+31.30,+24.08%,+0.62%,+17.68%,+24.00%
JBT,"John Bean Technologies Corp",110.7,+21.50,-0.09%,+14.54%,+25.80%,+26.73%
JCP,"J.C. Penney Company Inc",1.67,-60.80,-47.15%,-33.20%,-36.02%,-53.61%
JJSF,"J J Snack Foods",145.61,+13.00,-4.10%,-6.30%,+3.49%,+14.96%
JRVR,"James River Gp HD",40.54,+5.30,+1.32%,+0.77%,+9.78%,+0.70%
KALU,"Kaiser Aluminum",107.27,+9.50,+0.39%,-0.80%,+0.54%,+13.25%
KAMN,"Kaman Corp",66.33,+29.80,+12.73%,-2.33%,-8.07%,+36.01%
KELYA,"Kelly Svcs Cl A",24.93,+6.90,-8.58%,+8.77%,+10.51%,+16.66%
KEM,"Kemet Corp",23.76,+41.70,+57.77%,-17.81%,+33.03%,+17.28%
KFY,"Korn/Ferry International",65.1,+95.00,+57.32%,-0.66%,+19.34%,+104.14%
KIRK,"Kirkland's Inc",11.36,+7.60,-5.06%,+0.09%,+9.13%,+38.03%
KLIC,"Kulicke and Soffa",25.33,+28.50,+4.09%,-7.59%,+15.24%,+34.02%
KN,"Knowles Corp",17.34,+23.70,+18.28%,+10.03%,+21.00%,+22.37%
KOP,"Koppers Holdings Inc",34.25,-20.30,-32.71%,-12.29%,-15.12%,-9.99%
KOPN,"Kopin Cp",2.15,-44.90,-32.81%,-30.87%,-35.44%,-42.67%
KRA,"Kraton Performance Polymers Inc",46.28,+24.20,-3.92%,-4.06%,-7.59%,+36.08%
KRG,"Kite Realty Group Trust",17.46,-8.40,-10.92%,+4.99%,+18.45%,-12.44%
KS,"Kapstone Paper and Packaging Corp",34.32,+42.60,+51.26%,-1.32%,-0.35%,+50.79%
KWR,"Quaker Chemical Corp",174.7,+28.80,+15.86%,+7.39%,+12.19%,+31.26%
LABL,"Multi Color Cp",61.4,-23.20,-17.97%,-5.03%,-3.69%,-20.67%
LAD,"Lithia Motors",87.63,-21.30,-22.85%,-8.08%,-9.62%,-14.72%
LCI,"Lannett Co Inc",5.35,-46.30,-76.94%,-56.68%,-66.87%,-65.81%
LCII,"Lci Industries",93.35,-9.00,-28.19%,-4.31%,+1.85%,-1.69%
LDL,"Lydall Inc",45.45,-5.60,-10.44%,+1.00%,+8.60%,-2.57%
LGIH,"LGI Homes Inc",56.25,+10.50,-25.03%,-6.11%,-5.89%,+22.34%
LGND,"Ligand Pharm",239.57,+99.50,+74.96%,+3.32%,+22.86%,+89.74%
LHCG,"LHC Group Inc",94.64,+59.50,+54.51%,+8.64%,+25.62%,+47.16%
LION,"Fidelity Southern Cp",23.97,+8.10,+9.95%,-3.73%,-0.33%,+13.01%
LKSD,"Lsc Communications Inc",11.8,-17.90,-22.11%,-19.56%,-5.37%,-23.58%
LL,"Lumber Liquidators Holdings Inc",17.35,-56.00,-44.73%,-32.15%,-14.62%,-50.74%
LMAT,"Lemaitre Vascular",37.02,+13.20,+16.27%,+0.87%,+7.49%,+9.01%
LMNX,"Luminex Corp",27.24,+40.40,+38.27%,-18.25%,+0.15%,+43.75%
LNN,"Lindsay Corp",92.13,+4.60,+4.46%,-1.58%,-5.70%,+6.79%
LNTH,"Lantheus Holdings",14.5,-20.10,-29.10%,+5.84%,+1.75%,-8.52%
LOCO,"El Pollo Loco",12.5,+17.70,+26.26%,+5.04%,+15.21%,+8.23%
LPSN,"Liveperson Inc",24.95,+114.70,+116.96%,+7.31%,+32.71%,+92.66%
LQDT,"Liquidity Services",7.1,+17.90,+46.39%,+2.90%,+26.79%,+21.37%
LTC,"Ltc Properties",45.77,+2.30,+5.10%,+9.76%,+17.33%,-2.84%
LTXB,"Legacytexas Fnl",44.89,+20.50,+6.35%,+0.81%,+3.17%,+25.22%
LXP,"Lexington Realty Trust",9.22,-2.40,-4.46%,+6.10%,+12.99%,-5.14%
LXU,"Lsb Industries Inc",6.99,+12.40,-20.21%,-6.05%,+27.09%,+10.95%
LZB,"La-Z-Boy Inc",32.4,+29.00,+3.85%,unch,+2.86%,+4.35%
MANT,"Mantech Intl Cp A",63.71,+59.00,+26.94%,+5.92%,+18.44%,+69.04%
MATW,"Matthews Intl Corp",52.4,-11.80,-0.76%,-10.58%,-0.57%,-13.10%
MATX,"Matson Inc",37.15,+50.30,+24.50%,+1.36%,+9.49%,+63.01%
MCRI,"Monarch Casino",47.02,+30.40,+4.91%,-1.76%,+1.01%,+37.77%
MCS,"Marcus Corp",38.35,+61.70,+40.22%,+15.69%,+18.73%,+56.53%
MDC,"M.D.C. Holdings",31.49,+1.20,-1.22%,-1.10%,+3.08%,-1.66%
MDCO,"Medicines Co",39.49,+6.80,+44.44%,-0.78%,+23.52%,+11.24%
MDXG,"Mimedx Group Inc",3.8,-43.50,-69.87%,+1.60%,-48.65%,-77.00%
MED,"Medifast Inc",217.51,+277.20,+211.57%,+27.01%,+63.53%,+289.66%
MEI,"Methode Electronics",39.75,-0.80,-0.87%,+1.53%,-6.36%,+3.65%
MGLN,"Magellan Health",74.05,-8.60,-23.30%,-19.42%,-19.12%,-4.08%
MGPI,"MGP Ingredients Inc",73.72,+13.40,-4.11%,-19.81%,-14.85%,+26.95%
MHLD,"Maiden Holdings Ltd",4.05,-28.40,-38.64%,-50.91%,-44.52%,-43.75%
MHO,"M/I Homes",25.92,-6.00,-24.65%,-4.04%,-9.34%,+3.35%
MINI,"Mobile Mini Inc",43.9,+40.60,+27.25%,-7.68%,-4.98%,+51.64%
MLI,"Mueller Industries",32.51,+12.00,-8.24%,+10.17%,+8.58%,+13.31%
MMSI,"Merit Medical Sys",56.5,+42.50,+30.79%,+1.25%,+5.21%,+38.65%
MNRO,"Monro Muffler Brak",71.45,+57.80,+25.46%,+4.38%,+27.36%,+61.29%
MNTA,"Momenta Pharma",27.2,+90.30,+94.98%,-10.38%,+16.24%,+77.78%
MOG.A,"Moog Inc Cl A",78.72,+0.90,-9.36%,-3.32%,-6.65%,+6.49%
MOV,"Movado Group Inc",49.6,+98.50,+54.04%,+1.12%,+21.57%,+120.94%
MPAA,"Motorcar Parts Amer",25.79,+6.30,+3.20%,+24.53%,+19.34%,+4.24%
MRCY,"Mercury Sys Inc",50.74,+25.50,-1.19%,+23.33%,+42.65%,+10.52%
MRTN,"Marten Transport L",22.75,+32.90,+12.07%,-3.40%,+6.31%,+43.99%
MSTR,"Microstrategy Cl A",140.92,+12.60,+7.33%,+4.16%,+7.74%,+11.90%
MTH,"Meritage Corp",42.05,-5.70,-17.87%,-6.24%,-6.14%,-0.12%
MTRN,"Materion Corp",62.4,+60.80,+28.40%,+11.83%,+10.34%,+68.19%
MTRX,"Matrix Service Co",20.4,+81.60,+14.61%,+6.25%,+9.83%,+108.16%
MTSC,"M T S Systems Cp",51.9,+6.60,-3.35%,-4.33%,-3.84%,+11.02%
MXL,"Maxlinear Inc",18.79,-18.50,-28.88%,+9.12%,-1.42%,-11.74%
MYE,"Myers Industries",21.55,+12.80,+10.51%,+17.76%,+17.44%,+19.06%
MYGN,"Myriad Genetics Inc",41.92,+39.20,+22.06%,-4.10%,+18.42%,+45.56%
MYRG,"MYR Group Inc",34.81,+30.70,-2.57%,-9.25%,-10.07%,+49.78%
NANO,"Nanometrics Inc",41.29,+43.60,+65.69%,+10.49%,+7.39%,+62.05%
NAVG,"Navigators Grp Inc",65.25,+21.70,+33.98%,+10.78%,+11.06%,+18.10%
NBHC,"National Bank Holdings Corp",40.67,+28.70,+25.41%,+5.20%,+7.22%,+27.21%
NBTB,"NBT Bancorp Inc",40.25,+19.80,+9.38%,+0.93%,+5.64%,+21.42%
NCI,"Navigant Consulting",23.73,+53.00,+22.26%,+11.62%,-0.17%,+59.05%
NE,"Noble Corp",5.82,+67.50,+28.76%,-1.02%,-2.68%,+79.63%
NEOG,"Neogen Cp",85.19,+69.60,+38.17%,+3.75%,+14.04%,+74.21%
NEWM,"New Media Investment Group Inc",15.81,+5.70,-5.78%,-15.23%,-8.24%,+17.11%
NFBK,"Northfield Bncrp Del",16.44,+1.20,-3.75%,-3.18%,+1.17%,+4.71%
NGVT,"Ingevity Corp",98.81,+63.70,+40.22%,+9.81%,+17.59%,+76.67%
NLS,"Nautilus Group",14.8,-6.10,+10.86%,+1.37%,-6.62%,-12.17%
NMIH,"Nmi Holdings Cmn A",21.9,+89.00,+28.82%,+11.17%,+28.07%,+92.95%
NP,"Neenah Paper",89.35,+15.50,-1.43%,+1.53%,+9.36%,+16.04%
NPK,"National Presto Industries",135.35,+44.50,+36.10%,+12.89%,+26.61%,+36.44%
NPO,"Enpro Industries",74.91,+2.00,-19.89%,+1.99%,+0.58%,+8.08%
NR,"Newpark Resources",10.05,+26.30,+16.86%,+3.08%,-6.07%,+33.11%
NSA,"National Storage Affiliates Tru",29.04,+28.20,+6.53%,-3.23%,+10.92%,+36.72%
NSIT,"Insight Enterpr",54,+46.10,+41.03%,+7.72%,+19.34%,+38.39%
NSP,"Insperity Inc",112.6,+180.00,+96.34%,+15.19%,+24.49%,+181.50%
NTGR,"Netgear Inc",68.35,+41.50,+16.34%,-9.83%,+13.73%,+50.22%
NTRI,"Nutrisystem Inc",40.1,-13.40,-23.76%,+0.25%,+21.33%,-26.96%
NWBI,"Northwest Bancshares",18.33,+17.20,+9.56%,+2.35%,+8.14%,+18.79%
NWN,"Northwest Natural Gas Company",64.5,+2.00,+8.13%,+0.70%,+10.45%,+0.62%
NX,"Quanex Building Products Corp",17.1,-13.80,-26.92%,-3.93%,-4.20%,-11.17%
NYMT,"New York Mtge Trust",6.37,+4.30,+3.24%,+3.75%,+2.91%,+1.92%
OCLR,"Oclaro Inc",9.1,+11.30,+35.01%,+4.00%,+2.48%,+9.38%
ODP,"Office Depot",3.34,-6.70,-5.65%,+23.25%,+39.17%,-18.93%
OFG,"Oriental Financial Group",16.5,+89.50,+75.53%,+3.77%,+15.79%,+85.39%
OFIX,"Orthofix Intl Nv",53.46,+4.60,-2.27%,-10.93%,-1.78%,+11.37%
OIS,"Oil States International",31.85,+38.10,+12.54%,-4.50%,-16.07%,+49.88%
OMCL,"Omnicell Inc",64.35,+45.60,+32.68%,+16.79%,+39.29%,+29.87%
OMI,"Owens & Minor",16.29,-29.70,-13.72%,-6.65%,-2.98%,-40.98%
ONB,"Old National Bncp",19.85,+21.60,+13.75%,+3.39%,+11.20%,+22.15%
OPB,"Opus Bank",28.55,+19.00,+4.58%,-3.71%,-1.04%,+28.03%
ORIT,"Oritani Financial",16.25,+0.50,-0.91%,-1.22%,+3.50%,+1.56%
ORN,"Orion Group Holdings Inc",8.77,+57.00,+12.01%,-3.41%,+18.04%,+63.31%
OSIS,"O S I Systems Inc",77.74,-0.70,+20.75%,-0.50%,+14.91%,-0.88%
OSPN,"Onespan Inc.",17.7,+32.30,+27.34%,-14.08%,-11.50%,+44.49%
OSUR,"Orasure Tech Inc",16.47,-8.30,-12.67%,-2.72%,+1.23%,-18.71%
OXM,"Oxford Industries",94.24,+55.80,+25.34%,+1.33%,+19.28%,+62.54%
PAHC,"Phibro Anl Htlh A",49.95,+40.00,+49.10%,+5.16%,+10.26%,+25.35%
PARR,"Par Petroleum Corp",17.51,-2.80,-9.18%,+2.40%,-0.17%,+3.67%
PATK,"Patrick Inds Inc",61.75,+23.70,-11.09%,+2.57%,-1.59%,+34.83%
PDCE,"Pdc Energy Inc",51.17,+17.30,-0.72%,-16.20%,-19.75%,+34.52%
PDFS,"Pdf Solutions Inc",9.6,-39.30,-38.85%,-17.95%,-18.02%,-36.59%
PEI,"Pennsylvania Real Estate Investment",10.78,+3.10,-9.34%,+0.28%,+8.78%,+5.27%
PENN,"Penn Natl Gaming Inc",33.82,+52.30,+7.95%,-4.84%,-2.96%,+65.95%
PERY,"Perry Ellis Int",27.56,+24.50,+10.06%,-2.58%,+1.81%,+55.53%
PES,"Pioneer Energy Services Corp",3.15,+62.10,+3.28%,-38.24%,-46.15%,+70.27%
PETS,"Petmed Express Inc",38.48,+2.80,-15.43%,-4.25%,+7.34%,-13.12%
PFBC,"Preferred Bank La",61.78,+7.90,+5.10%,-5.81%,-1.80%,+14.64%
PFS,"Provident Financial Services",25.43,-1.70,-5.71%,-8.72%,-7.16%,+3.63%
PGNX,"Progenics Pharmaceut",7.67,+29.30,+28.91%,-7.14%,+6.09%,+37.70%
PGTI,"Pgt Inc",24.95,+95.80,+48.07%,+15.78%,+22.30%,+93.41%
PJC,"Piper Jaffray Companies",78.4,+28.50,-9.10%,+2.75%,+1.75%,+42.68%
PKE,"Park Electrochemical Corp",21.2,+17.90,+7.89%,-9.63%,+6.91%,+19.03%
PLAB,"Photronics Inc",8.65,+7.60,+1.47%,-2.26%,+8.81%,+14.57%
PLAY,"Dave & Buster's Ente",55.5,+5.00,+0.60%,+13.38%,+45.86%,-7.42%
PLCE,"Children's Place Inc",134.8,+24.30,-7.26%,+7.07%,+5.73%,+34.53%
PLUS,"Eplus Inc",99.8,+29.70,+32.71%,-1.67%,+11.07%,+22.30%
PLXS,"Plexus Cp",61.04,+15.80,+0.53%,-0.05%,+2.12%,+22.69%
PMT,"Pennymac Mortgage Investment Trust",19.8,+19.00,+23.21%,+5.43%,+7.03%,+14.12%
POWI,"Power Integratn",72,+0.30,-2.11%,-5.88%,-0.41%,+4.80%
POWL,"Powell Inds Inc",40.15,+51.00,+40.14%,+14.42%,+15.97%,+43.14%
PPBI,"Pacific Premier Bncp",39.05,+3.40,-2.38%,+4.41%,-6.80%,+10.00%
PRA,"Pro-Assurance Corp",47.45,-8.80,-16.97%,+21.67%,+18.92%,-12.86%
PRAA,"Pra Group Inc",37.85,+21.90,+14.01%,-12.08%,-5.14%,+24.71%
PRFT,"Perficient Inc",27.2,+53.20,+42.63%,+0.55%,+9.77%,+54.37%
PRGS,"Progress Software",38.87,+9.00,-8.69%,-0.66%,+5.42%,+19.53%
PRLB,"Proto Labs Inc",140.65,+91.20,+36.55%,+4.19%,+16.96%,+102.23%
PRSC,"Providence Svc Cp",66.86,+20.40,+12.67%,-6.37%,-10.45%,+30.51%
PSB,"Business Parks",130.95,+2.90,+4.68%,+3.36%,+12.65%,-0.01%
PUMP,"Propetro Holding Corp",17.01,+33.90,-15.62%,+10.03%,-14.95%,+46.01%
PVAC,"Penn Va Corp",80.44,+100.20,+105.68%,-5.75%,+19.85%,+108.66%
QHC,"Quorum Health Corp",3.98,-15.90,-36.22%,-8.92%,-22.11%,-6.57%
QLYS,"Qualys Inc",85.8,+75.00,+44.57%,-11.59%,+11.00%,+90.88%
QNST,"Quinstreet Inc",14.01,+122.30,+67.18%,+1.67%,+12.35%,+201.94%
QSII,"Quality Systems Inc",21.96,+61.60,+61.71%,+8.93%,+48.28%,+39.16%
RAVN,"Raven Industries Inc",39.35,+36.30,+14.56%,-0.88%,+3.15%,+24.13%
RCII,"Rent-A-Center Inc",14.71,+32.20,+32.52%,-0.20%,+45.21%,+17.68%
RECN,"Resources Connect",15.95,+19.50,+3.24%,+11.54%,+1.59%,+30.74%
REGI,"Renewable Energy",24.25,+130.90,+105.51%,+45.21%,+43.07%,+118.47%
REI,"Ring Energy Inc",11.84,-13.60,-14.82%,-11.04%,-26.00%,-2.47%
REX,"Rex American Resources Corp",75.11,-18.80,-9.28%,+1.38%,-1.84%,-18.95%
RGEN,"Repligen Cp",49.63,+32.10,+36.80%,+1.72%,+16.56%,+23.43%
RGNX,"Regenxbio Inc",65.95,+163.90,+98.35%,-13.90%,+35.42%,+230.58%
RGR,"Sturm Ruger & Company",58.95,+20.80,+5.55%,+4.89%,-1.59%,+19.70%
RGS,"Regis Corp",18,+40.30,+17.19%,+1.18%,+5.76%,+78.75%
RH,"Restoration Hardware Holdings",149.7,+108.50,+73.65%,+11.06%,+47.11%,+199.94%
RLI,"Rli Corp",77.74,+45.80,+28.16%,+6.86%,+15.84%,+43.72%
RMAX,"Re/Max Holdings Inc",48.75,-17.20,+0.52%,-12.32%,-8.36%,-16.74%
RMBS,"Rambus Inc",11.64,-15.50,-18.14%,-12.48%,-13.00%,-7.77%
ROCK,"Gibraltar Ind Inc",45.35,+64.30,+37.42%,+15.39%,+17.95%,+68.27%
ROG,"Rogers Corp",131.98,+8.60,-18.49%,+10.83%,+10.83%,+14.59%
ROIC,"Retail Opp Invts Cp",19.54,+1.40,-2.06%,+2.68%,+13.87%,-0.96%
RPT,"Ramco-Gershenson Properties Trust",13.78,+6.80,-6.45%,+8.33%,+20.88%,+5.03%
RRD,"Donnelley [R.R.] & Sons Co",5.21,-42.50,-43.98%,-5.44%,-23.04%,-39.84%
RRGB,"Red Robin Gourm",39.7,-30.50,-29.61%,-20.60%,-34.00%,-33.05%
RTEC,"Rudolph Technologies",26.8,+11.80,+12.13%,-10.82%,-15.72%,+24.65%
RUTH,"Ruth's Hospitality",30.95,+58.30,+42.96%,+2.31%,+16.79%,+55.53%
RWT,"Redwood Trust",16.4,+0.80,+10.66%,-5.37%,-0.43%,-2.09%
RYAM,"Rayonier Advanced Materials Inc",21.14,+49.30,+3.37%,+23.77%,+9.59%,+52.09%
SAFT,"Safety Ins Group Inc",94.6,+33.60,+17.66%,+6.11%,+12.96%,+32.12%
SAH,"Sonic Automotive",22.15,+28.00,+20.05%,+22.04%,+2.07%,+32.63%
SAIA,"Saia Inc",77.85,+37.70,+10.04%,-0.38%,+1.50%,+47.86%
SANM,"Sanmina Corp",30.3,-11.00,-8.18%,-1.78%,+2.02%,-13.92%
SBCF,"Seacoast Banking Cp",30.24,+28.20,+19.95%,-8.09%,-1.27%,+35.00%
SBSI,"Southside Bancshares",35.91,+8.40,+6.62%,+2.34%,+6.05%,+11.49%
SCHL,"Scholastic Cp",41.23,+5.60,+2.79%,-4.54%,-5.76%,+6.70%
SCL,"Stepan Company",88.51,+18.00,+12.08%,+7.23%,+24.38%,+15.52%
SCSC,"Scansource Inc",42.55,+19.00,+18.85%,+2.53%,+11.39%,+15.00%
SCVL,"Shoe Carnival Inc",34.33,+72.50,+28.34%,+8.54%,+31.58%,+117.55%
SEDG,"Solaredge Tech",47,+29.30,+25.17%,-12.40%,-29.27%,+76.03%
SEM,"Select Medical Holdings Corp",19.25,+12.50,+9.07%,-1.03%,+4.62%,+14.93%
SENEA,"Seneca Foods Cp A",31.75,+11.50,+3.25%,+14.00%,+15.66%,+9.86%
SFBS,"Servisfirst Bancs",43.14,+20.20,+3.95%,+3.95%,-0.09%,+28.55%
SFLY,"Shutterfly Inc",74.06,+28.50,+48.86%,-16.60%,-21.71%,+64.61%
SFNC,"Simmons First Natl",30.9,+15.20,+8.23%,-0.96%,-0.64%,+19.88%
SHAK,"Shake Shack Inc",57.18,+73.60,+32.36%,-15.87%,-2.19%,+82.86%
SHLM,"Schulman A Inc",44,+34.80,+18.12%,+2.44%,-0.68%,+48.90%
SHOO,"Steven Maddens Ltd",57.2,+41.60,+22.48%,+3.72%,+12.49%,+39.34%
SIGI,"Selective Ins Group",63.65,+24.30,+8.43%,+9.27%,+13.46%,+26.16%
SJI,"South Jersey Industries",33.02,-2.20,+5.73%,-2.10%,+2.83%,-5.11%
SKYW,"Skywest Inc",61.85,+66.80,+16.48%,+11.44%,+7.19%,+79.28%
SLCA,"U.S. Silica Holdings Inc",22.27,-25.40,-31.60%,-9.14%,-33.34%,-14.67%
SMCI,"Super Micro Computer",18.95,-29.10,-9.44%,-20.21%,-19.87%,-29.16%
SMP,"Standard Motor Products",51.2,+16.60,+14.01%,+5.50%,+16.34%,+15.81%
SMTC,"Semtech Corp",48.5,+34.30,+41.81%,-4.90%,+11.62%,+35.47%
SNBR,"Sleep Number Corporation",31.1,-1.10,-17.27%,-0.86%,+5.78%,+0.29%
SONC,"Sonic Cp",35.08,+38.60,+27.66%,-4.62%,+44.30%,+47.58%
SPOK,"Spok Holdings Inc",15.55,-4.20,-0.64%,+8.36%,+2.64%,-4.31%
SPPI,"Spectrum Pharma Inc",23.14,+41.10,+22.11%,-2.57%,+14.84%,+146.17%
SPSC,"Sps Commerce Inc",94.94,+82.40,+95.39%,+24.38%,+32.47%,+62.01%
SPTN,"Spartannash Company",20.15,-18.10,-24.48%,-19.59%,+10.84%,-16.87%
SPXC,"SPX Corp",34.71,+36.30,+10.58%,-4.38%,-0.52%,+43.79%
SR,"Spire Inc",76.55,+3.20,+1.86%,+6.02%,+9.91%,+0.92%
SRCI,"Src Energy Inc",9.42,+11.10,+10.43%,-14.13%,-26.46%,+22.82%
SRDX,"Surmodics Inc",71.8,+205.60,+156.43%,+18.19%,+47.89%,+186.63%
SSD,"Simpson Manufacturing Company",73.02,+61.60,+27.19%,+16.26%,+16.16%,+73.69%
SSP,"E.W. Scripps Company",14.46,-13.90,-7.49%,+12.09%,+10.38%,-19.67%
SSTK,"Shutterstock Inc",50.81,+50.90,+18.08%,+2.79%,+10.58%,+52.72%
STBA,"S&T Bancorp Inc",45.69,+26.00,+14.77%,+0.29%,+1.53%,+31.48%
STC,"Stewart Information Services Corp",45.15,+22.40,+6.74%,-0.04%,+5.99%,+23.56%
STMP,"Stamps.Com Inc",231.05,+20.50,+22.90%,-14.35%,-6.83%,+9.84%
STRA,"Strayer Education",134.25,+74.50,+49.87%,+11.87%,+29.52%,+73.79%
SUP,"Superior Industries International",22.65,+51.60,+52.53%,+31.69%,+29.43%,+57.84%
SUPN,"Supernus Pharm",44.4,-5.70,+11.42%,-19.09%,-20.86%,+2.78%
SVU,"Supervalu Inc",32.04,+51.70,+48.33%,+55.46%,+97.90%,+42.59%
SWM,"Schweitzer-Mauduit International",40.57,+2.10,-10.56%,-5.37%,-7.82%,+6.76%
SXC,"Suncoke Energy Inc",10.99,+13.70,-8.34%,-17.80%,-16.62%,+27.20%
SXI,"Standex International Corp",109.3,+18.70,+7.31%,+5.20%,+9.79%,+17.15%
SYKE,"Sykes Enterprises",29.33,+8.10,-6.74%,-2.33%,+6.81%,+12.20%
TBI,"Trueblue Inc",29.25,+38.90,+6.36%,+5.98%,+14.26%,+47.73%
TCMD,"Tactile Systems Technology Inc",63.1,+113.00,+117.74%,+13.49%,+37.20%,+86.47%
TG,"Tredegar Corp",21.7,+28.30,+13.02%,-11.61%,-1.36%,+33.13%
TGI,"Triumph Group",21,-23.80,-22.79%,+12.90%,-14.81%,-17.00%
THRM,"Gentherm Inc",49.2,+74.80,+54.96%,+21.18%,+40.57%,+62.91%
TILE,"Interface Inc",23.1,+12.00,-8.15%,-1.49%,+0.87%,+22.55%
TISI,"Team Inc",24.75,+119.90,+66.11%,+12.24%,+18.71%,+130.23%
TIVO,"Tivo Corp",12.5,-30.30,-19.87%,-2.34%,-12.28%,-30.94%
TLRD,"Tailored Brands Inc",21.98,+56.40,+0.69%,-1.83%,-36.10%,+109.13%
TMP,Tompkinstrustco,86.79,+13.90,+6.69%,-4.77%,+2.59%,+17.00%
TMST,"Timken Steel Corp",13.55,-16.20,-10.80%,-23.49%,-27.03%,-6.74%
TNC,"Tennant Company",76.05,+21.20,+4.68%,-3.49%,-1.23%,+20.91%
TPRE,"Third Point Reinsurance Ltd Co",13.3,-7.90,-9.22%,+4.31%,-0.75%,-6.99%
TREX,"Trex Company",81.16,+118.20,+49.76%,+19.32%,+38.05%,+120.81%
TRHC,"Tabula Rasa Healthcare Inc",74.95,+274.20,+167.20%,+11.22%,+45.87%,+321.78%
TRST,"Trustco Bank Corp NY",9.25,+14.90,+0.54%,+2.21%,+5.71%,+18.59%
TTEC,"Teletech Hldgs",25.55,-42.00,-36.52%,-26.05%,-24.85%,-36.05%
TTEK,"Tetra Tech Inc",69.5,+76.40,+44.34%,+15.35%,+30.64%,+71.82%
TTI,"Tetra Technologies",4.94,+122.90,+15.69%,+12.53%,+5.56%,+154.64%
TTMI,"TTM Technologies I",17.98,+26.20,+14.74%,+2.22%,+13.44%,+38.41%
TTS,"Tile Shop Hldgs",8,-13.80,-16.67%,-9.09%,+16.79%,-45.02%
TVPT,"Travelport Worldwide Ltd",18.51,+29.70,+41.62%,-3.49%,+6.81%,+30.91%
TVTY,"Tivity Health",32.65,-5.60,-10.67%,-5.91%,-15.30%,-12.47%
TWI,"Titan International",7.44,-17.50,-42.24%,-27.49%,-35.75%,-12.47%
TYPE,"Monotype Imag. Hold.",21.8,+11.00,-9.54%,+7.92%,+2.83%,+19.45%
UBA,"Urstadt Biddle Properties Inc",22.8,+13.30,+4.88%,+1.56%,+11.76%,+12.26%
UCBI,"United Comm Banks",31.16,+14.10,+10.73%,+1.14%,-6.03%,+20.63%
UCTT,"Ultra Clean Holdings",14.05,-38.20,-39.15%,-11.80%,-14.75%,-39.57%
UEIC,"Universal Elect In",42.85,+0.90,-9.31%,+21.05%,+39.35%,-24.56%
UFCS,"United Fire Group I",51.22,+15.80,+12.37%,-10.08%,-3.50%,+20.83%
UFI,"Unifi Inc",32.99,+0.90,-8.03%,+4.76%,+4.53%,+9.35%
UFPI,"Universal Forest Prd",37.48,+29.70,-0.37%,+2.18%,+6.42%,+42.46%
UHT,"Universal Health Realty Income Trust",73.29,+5.40,-2.42%,+12.98%,+24.20%,-1.61%
UIHC,"United Insurance Hld",21.04,+31.40,+21.97%,+3.59%,-0.71%,+30.04%
UNF,"Unifirst Corp",184.95,+31.50,+12.16%,-1.20%,+5.12%,+35.25%
UNT,"Unit Corp",27.14,+63.20,+23.36%,+5.40%,+19.14%,+69.31%
USCR,"U S Concrete Inc",51.45,-32.70,-38.49%,-1.63%,-8.04%,-33.05%
USPH,"U.S. Physical Therapy",114.25,+99.90,+58.24%,+9.23%,+22.52%,+92.83%
UVE,"Universal Insurance Holdings Inc",44.65,+105.00,+63.25%,+18.59%,+27.75%,+92.46%
UVV,"Universal Corp",60.15,-7.60,+14.57%,-8.45%,+25.18%,+4.52%
VAC,"Marriot Vacations Worldwide Cor",123.27,+3.20,-8.83%,+2.74%,+4.12%,+12.06%
VECO,"Veeco Instrument",10.95,-52.40,-26.26%,-29.13%,-33.13%,-41.13%
VG,"Vonage Holdings",14.48,+81.70,+42.38%,+8.38%,+27.58%,+80.32%
VIAV,"Viavi Solutions",11.01,+15.50,+25.97%,+6.69%,+9.33%,+9.12%
VICR,"Vicor Cp",58.65,+195.80,+180.62%,+15.91%,+45.53%,+239.02%
VIVO,"Meridian Bioscience",15.2,+8.70,+8.57%,-4.10%,+3.40%,+11.36%
VRA,"Vera Bradley",14.74,+39.80,+21.02%,+7.12%,+30.91%,+59.52%
VREX,"Varex Imaging Corp",30.25,-2.60,-24.70%,-20.81%,-19.33%,+4.09%
VRTS,"Virtus Inv Prts",130.15,+19.70,+13.12%,+0.85%,+1.32%,+22.90%
VRTU,"Virtusa Corp",54.54,+50.20,+23.73%,+0.76%,+14.60%,+50.37%
VRTV,"Veritiv Corp",46.95,+66.30,+62.46%,+16.94%,+42.92%,+67.08%
VSI,"Vitamin Shoppe Inc",12.75,+134.10,+189.77%,+73.47%,+155.00%,+116.10%
VSTO,"Vista Outdoor Inc",18.17,+6.00,+24.71%,+16.55%,+30.91%,-21.51%
VVI,"Viad Corp",61.05,+17.50,+10.20%,+7.20%,+19.59%,+16.29%
WABC,"Westamerica Bancorp",62.91,+20.70,+5.64%,+6.41%,+9.85%,+25.04%
WAGE,"Wageworks Inc",52.1,-9.20,-15.97%,+0.87%,+15.91%,-10.56%
WD,"Walker & Dunlop",54.82,+13.50,+15.41%,-7.93%,-0.35%,+15.22%
WDFC,"W D 40 Co",173.6,+67.60,+47.12%,+8.70%,+26.53%,+64.94%
WDR,"Waddell & Reed Financial",20.72,+11.10,-7.25%,+8.77%,+5.34%,+14.54%
WETF,"Wisdomtree Invstmnts",8.12,-22.60,-35.30%,-10.67%,-29.94%,-8.87%
WGO,"Winnebago Industries",37,-5.20,-33.45%,-11.27%,-2.89%,+7.71%
WING,"Wingstop Inc",63.59,+92.00,+63.13%,+21.98%,+22.69%,+82.94%
WIRE,"Encore Wire Cp",51.15,+20.10,+5.14%,+5.03%,+5.68%,+33.90%
WLH,"William Lyon Homes",20.66,-20.30,-28.95%,-12.46%,-17.16%,-8.58%
WNC,"Wabash National Corp",18.71,-11.60,-13.78%,-5.89%,-9.57%,-8.78%
WPG,"Washington Prime Group Inc",7.85,-1.90,+10.25%,+2.08%,+11.35%,-5.99%
WRLD,"World Acceptance Cp",118.34,+38.50,+46.61%,-4.56%,+8.61%,+62.11%
WSR,"Whitestone REIT",13.51,+8.90,-6.25%,+5.96%,+15.27%,+6.97%
WTS,"Watts Water Technologies",83.3,+29.90,+9.68%,-0.83%,+7.55%,+32.96%
WWE,"World Wrestling Entertainment",80.36,+297.70,+162.79%,-3.09%,+56.28%,+284.50%
WWW,"Wolverine World Wide",38.28,+48.50,+20.08%,+5.95%,+18.51%,+48.31%
XOXO,"Xoxo Group Inc",29.89,+52.10,+61.92%,-12.01%,+0.07%,+65.23%
XPER,"Xperi Corp",15.95,-38.90,-34.63%,-3.04%,-24.41%,-37.33%
ZEUS,"Olympic Steel Inc",21.34,+14.60,-0.70%,-5.58%,-8.41%,+25.09%
ZUMZ,"Zumiez Inc",29.5,+101.10,+41.66%,+36.26%,+18.71%,+147.90%
"Downloaded from Barchart.com as of 08-20-2018 07:02pm CDT"
