"Name","Symbol","Daily","1 Week","1 Month","YTD","1 Year","3 Years"
"8x8","EGHT","-5.90%","-5.47%","3.49%","47.16%","63.39%","143.26%"
"A Schulman","SHLM","-0.57%","1.51%","-2.02%","17.05%","58.83%","15.93%"
"AAON","AAON","0.41%","-0.27%","10.23%","-0.14%","8.43%","63.91%"
"AAR","AIR","-0.25%","1.50%","2.06%","20.77%","30.93%","77.92%"
"ABAXIS","ABAX","-0.22%","-0.30%","0.05%","67.71%","74.40%","68.80%"
"Abercrombie&Fitch","ANF","-4.06%","-11.51%","-5.43%","32.82%","135.50%","16.33%"
"ABM Industries","ABM","0.06%","2.94%","5.62%","-18.29%","-31.11%","-6.58%"
"Acadia","AKR","-2.98%","-0.79%","-3.69%","-3.65%","-11.51%","-15.67%"
"Aceto","ACET","-5.41%","-2.48%","-5.97%","-69.51%","-79.73%","-86.47%"
"Acorda","ACOR","-3.43%","-16.70%","-16.55%","11.66%","10.37%","-30.03%"
"Actuant","ATU","-1.76%","-0.18%","-4.77%","10.47%","15.98%","21.52%"
"ADTRAN","ADTN","-1.21%","-1.21%","9.76%","-15.76%","-29.74%","-0.55%"
"Advanced Energy","AEIS","2.76%","0.27%","3.29%","-11.08%","-16.86%","127.27%"
"AdvanSix","ASIX","-1.94%","0.84%","7.70%","-6.23%","15.12%","-"
"Aegion","AEGN","-1.45%","-3.35%","-4.82%","-3.62%","2.60%","29.00%"
"Aerojet Rocketdyne","AJRD","-4.07%","-7.30%","-4.82%","-10.03%","17.25%","23.98%"
"AeroVironment","AVAV","-4.14%","-4.19%","0.92%","28.37%","90.97%","176.52%"
"Agilysys","AGYS","-3.06%","-1.53%","4.06%","31.35%","60.50%","99.63%"
"Agree","ADC","-2.21%","-2.39%","-1.06%","1.50%","6.18%","70.90%"
"AK Steel","AKS","1.16%","7.80%","20.97%","-7.24%","-4.02%","67.73%"
"Alamo","ALG","-0.13%","-0.26%","0.74%","-19.35%","-2.29%","73.13%"
"Albany","AIN","-1.42%","2.64%","9.89%","7.57%","21.40%","79.72%"
"Allegiant","ALGT","5.76%","-13.42%","-10.15%","-19.32%","-3.92%","-40.58%"
"Allete","ALE","-1.29%","-0.46%","-0.32%","3.77%","6.32%","60.98%"
"AMAG","AMAG","-2.00%","0.92%","13.08%","66.42%","12.50%","-65.96%"
"Amedisys","AMED","-2.75%","-1.92%","9.71%","77.88%","100.94%","119.32%"
"American Assets","AAT","-2.42%","-2.13%","-3.97%","-3.84%","-8.53%","-10.67%"
"American Axle&Manufacturing","AXL","4.14%","-0.25%","3.41%","-5.52%","4.28%","-23.92%"
"American Equity Inv. Life","AEL","0.28%","1.91%","-0.53%","16.53%","31.75%","23.57%"
"American Public Education","APEI","-1.54%","0.22%","6.29%","78.64%","102.95%","76.67%"
"American States Water","AWR","-1.93%","0.32%","5.55%","4.18%","21.36%","61.09%"
"American Vanguard","AVD","-1.16%","-1.85%","-7.41%","8.14%","18.38%","67.32%"
"American Woodmark","AMWD","-3.18%","-4.70%","-10.32%","-36.97%","-16.48%","25.00%"
"Ameris","ABCB","-2.51%","-4.38%","-7.07%","2.86%","8.37%","84.11%"
"AMERISAFE","AMSF","-1.71%","1.93%","9.61%","2.76%","7.29%","41.58%"
"AMN Healthcare Services","AMN","-1.77%","-0.16%","4.27%","24.06%","59.53%","110.54%"
"Amneal Pharma A","AMRX","-1.84%","0.59%","13.53%","11.89%","-6.62%","-61.48%"
"Amphastar P","AMPH","-1.38%","1.72%","12.65%","-10.65%","-2.11%","9.14%"
"AngioDynamics","ANGO","-2.10%","-0.00%","-3.69%","28.80%","30.77%","40.83%"
"ANI Pharma","ANIP","-3.75%","-3.42%","1.92%","5.63%","39.97%","-3.98%"
"Anika","ANIK","-1.55%","17.00%","25.16%","-25.71%","-20.33%","9.70%"
"Anixter","AXE","0.07%","-6.29%","10.58%","-7.89%","-11.89%","6.79%"
"Apogee","APOG","0.16%","1.44%","2.16%","7.61%","-5.87%","-9.46%"
"Applied Industrial Technologies","AIT","-1.54%","-2.71%","4.85%","8.00%","30.29%","91.49%"
"ArcBest Corp","ARCB","-0.22%","-4.93%","-2.84%","24.20%","64.75%","36.95%"
"Archrock","AROC","-1.13%","3.54%","9.58%","25.24%","16.37%","-13.09%"
"Asbury Automotive","ABG","-0.07%","-1.73%","-0.58%","6.48%","23.46%","-22.16%"
"ASGN","ASGN","-2.01%","7.12%","15.68%","40.73%","85.27%","133.48%"
"Astec","ASTE","-2.80%","-21.35%","-19.28%","-17.49%","-3.59%","23.86%"
"Atlas Air","AAWW","-0.81%","-2.54%","-6.21%","14.66%","14.08%","38.20%"
"ATN Int","ATNI","-4.66%","13.46%","17.87%","12.56%","3.25%","-10.63%"
"Avista","AVA","-0.63%","-0.38%","-4.65%","-2.49%","-4.16%","53.97%"
"Axon Enterprise","AAXN","-5.16%","-6.87%","8.83%","159.47%","178.16%","144.61%"
"AZZ","AZZ","-1.10%","-3.24%","23.59%","5.09%","6.87%","4.05%"
"B&G Foods","BGS","-1.27%","1.96%","4.35%","-11.24%","-13.45%","5.09%"
"Badger Meter","BMI","-2.96%","-3.33%","13.65%","6.28%","13.39%","-11.76%"
"Balchem","BCPC","-2.03%","-1.36%","0.40%","22.25%","26.26%","78.66%"
"Banc of California","BANC","-0.74%","3.63%","2.30%","-3.15%","-1.23%","58.73%"
"Banner","BANR","-0.88%","1.32%","5.38%","14.04%","8.60%","31.81%"
"Barnes","B","6.47%","10.21%","15.96%","7.95%","12.97%","79.03%"
"Barnes & Noble Education Inc","BNED","-0.74%","-0.19%","-4.96%","-34.95%","-27.76%","-60.33%"
"Barnes&Noble","BKS","-0.83%","8.18%","-6.30%","-11.19%","-27.44%","-65.37%"
"Bel Fuse B","BELFB","-3.49%","-3.49%","5.98%","-12.03%","-12.97%","10.20%"
"Belmond","BEL","-3.08%","-3.08%","-1.35%","-10.20%","-16.03%","-6.38%"
"Benchmark Electronics","BHE","-1.43%","-17.72%","-17.15%","-17.01%","-27.37%","10.07%"
"Big 5","BGFV","-0.78%","-2.31%","-16.45%","-16.45%","-41.47%","-42.64%"
"Biglari","BH","0.69%","2.04%","3.34%","-54.24%","-49.81%","-55.85%"
"BioTelemetry","BEAT","-1.77%","4.77%","17.22%","76.42%","51.58%","351.24%"
"BJs Restaurants","BJRI","3.90%","1.43%","6.67%","75.82%","82.96%","24.20%"
"Black Box","BBOX","-6.08%","-14.72%","-31.19%","-60.85%","-82.52%","-91.12%"
"Blackbaud","BLKB","-3.79%","-3.47%","10.95%","20.30%","23.77%","88.51%"
"Blucora","BCOR","-4.08%","-3.32%","-1.62%","64.71%","58.95%","135.14%"
"BofI Holding","BOFI","-3.53%","-6.70%","-5.08%","29.87%","45.38%","30.30%"
"Boise Cascad Llc","BCC","-0.92%","-2.28%","-3.91%","7.64%","37.00%","30.03%"
"Boston Private","BPFH","-0.68%","-3.33%","-8.81%","-6.15%","-3.97%","15.45%"
"Bottomline","EPAY","-2.67%","0.32%","12.02%","60.96%","97.80%","103.65%"
"Boyd Gaming","BYD","-3.07%","-7.72%","2.11%","0.97%","40.44%","108.79%"
"Brady","BRC","-1.99%","-1.20%","-4.28%","-2.64%","11.31%","57.56%"
"Briggs&Stratton","BGG","-0.12%","0.71%","-3.75%","-33.19%","-27.78%","-7.38%"
"Brinks","BCO","-1.24%","-0.87%","-0.19%","1.14%","1.21%","160.73%"
"Bristow","BRS","-4.37%","-3.65%","-0.78%","3.93%","85.19%","-69.57%"
"Brookline Bancorp","BRKL","-1.07%","-1.33%","-0.54%","17.83%","26.71%","63.28%"
"Brooks Automation","BRKS","1.60%","-3.24%","-4.75%","30.27%","25.28%","192.01%"
"Buckle","BKE","-4.73%","-4.34%","-13.94%","-2.53%","37.39%","-45.53%"
"Cabot","CCMP","0.24%","0.49%","10.52%","26.36%","62.58%","158.66%"
"CACI","CACI","-0.42%","-1.89%","4.51%","33.09%","39.08%","114.24%"
"Cal-Maine","CALM","-0.22%","-2.07%","-1.85%","1.24%","17.34%","-17.51%"
"CalAmp","CAMP","-3.68%","-4.30%","-4.99%","3.87%","15.22%","29.49%"
"Calavo Growers","CVGW","-0.75%","-1.91%","-4.06%","9.30%","26.37%","67.12%"
"Caleres","CAL","-4.09%","-6.65%","-3.23%","-0.60%","20.58%","1.87%"
"California Water Service","CWT","-2.03%","1.11%","5.52%","-9.37%","4.98%","101.27%"
"Callaway Golf","ELY","-1.43%","0.47%","1.69%","38.48%","52.85%","114.33%"
"Cambrex","CBM","-1.92%","9.37%","17.21%","27.71%","2.00%","22.77%"
"Cantel Medical","CMD","-1.62%","-3.15%","-7.22%","-11.29%","22.84%","69.06%"
"Capella","CPLA","-0.99%","-0.48%","5.93%","35.08%","49.14%","104.56%"
"Capstead Mortgage","CMO","-0.60%","-4.27%","-7.37%","-4.16%","-14.97%","-25.45%"
"Carbo Ceramics","CRR","-5.87%","3.93%","6.65%","-3.93%","49.31%","-73.58%"
"Cardtronics","CATM","-5.54%","-6.77%","3.02%","34.50%","-21.57%","-30.18%"
"Career","CECO","-1.62%","-1.94%","12.74%","50.91%","110.27%","476.90%"
"Caretrust Inc","CTRE","-2.26%","-3.18%","-1.38%","-1.79%","-8.86%","32.10%"
"Carrizo Oil&Gas","CRZO","-2.63%","-1.95%","-0.47%","30.26%","72.07%","-29.10%"
"Cato","CATO","-5.14%","-3.16%","1.95%","57.66%","46.96%","-34.14%"
"Cavco","CVCO","-3.82%","-5.13%","0.55%","36.83%","63.38%","191.70%"
"Cedar Realty","CDR","-5.99%","-7.71%","-3.60%","-25.16%","-13.99%","-31.89%"
"Celadon","CGIP","-6.33%","-21.07%","-6.02%","-56.09%","-40.21%","-86.63%"
"Central Garden&Pet","CENT","-0.95%","-2.20%","-2.05%","9.43%","32.39%","358.45%"
"Central Garden&Pet A","CENTA","-0.65%","-2.70%","-2.13%","5.04%","27.40%","289.86%"
"Century Aluminum","CENX","-1.29%","0.62%","-17.21%","-33.60%","-22.38%","39.17%"
"CEVA","CEVA","-2.06%","-5.08%","2.15%","-33.15%","-33.23%","65.68%"
"Chart Industries","GTLS","0.68%","-3.04%","20.85%","59.07%","112.91%","166.02%"
"Chemed","CHE","-0.20%","-2.05%","-0.12%","32.26%","60.73%","118.85%"
"Chemours Co","CC","-0.65%","1.08%","3.07%","-8.67%","-4.93%","294.48%"
"Chesapeake Lodging","CHSP","-2.87%","-4.57%","-1.64%","14.88%","24.68%","0.03%"
"Chuy's Holdings","CHUY","-1.22%","-3.85%","5.70%","15.69%","39.87%","19.74%"
"Cincinnati Bell","CBB","-2.97%","0.77%","-16.88%","-37.41%","-30.40%","-32.90%"
"CIRCOR","CIR","6.65%","5.56%","16.69%","-11.40%","-17.17%","-11.18%"
"City Holding","CHCO","-0.30%","3.36%","8.71%","21.21%","24.85%","70.13%"
"Clearwater Paper","CLW","-2.01%","-7.20%","-5.19%","-51.76%","-54.98%","-58.98%"
"Cloud Peak Energy","CLD","-9.36%","-14.78%","-22.35%","-39.10%","-19.10%","-16.62%"
"CMTSU Liquidation","CBRI","0.00%","-0.00%","-25.00%","-80.00%","-92.31%","-99.91%"
"Cogent","CCOI","-1.23%","-0.57%","-2.25%","15.23%","18.10%","66.35%"
"Coherent","COHR","-3.13%","1.06%","9.26%","-39.44%","-35.69%","182.11%"
"Cohu","COHU","2.57%","-1.88%","4.20%","16.36%","33.09%","112.83%"
"Columbia Banking","COLB","-1.71%","-2.16%","1.00%","-4.90%","7.58%","28.69%"
"Comfort Systems","FIX","10.69%","11.95%","18.67%","24.51%","61.04%","122.02%"
"Community Bank System","CBU","-1.09%","2.26%","8.70%","19.46%","18.53%","67.96%"
"Community Health Systems","CYH","-4.88%","15.13%","-6.02%","-26.76%","-57.78%","-94.75%"
"Computer Programs&Systems","CPSI","-0.73%","-0.59%","2.89%","12.65%","11.72%","-37.60%"
"Comtech","CMTL","-2.32%","-1.27%","4.92%","51.22%","85.01%","20.32%"
"CONMED","CNMD","-2.70%","0.01%","0.33%","44.08%","43.55%","29.18%"
"Consolidated Communications","CNSL","-0.64%","2.72%","0.97%","2.38%","-31.24%","-36.62%"
"Contango Oil&Gas","MCF","-2.32%","-11.20%","-3.70%","16.14%","-12.48%","-43.02%"
"Cooper Stnd","CPS","-0.66%","0.10%","2.60%","9.44%","30.67%","128.94%"
"Core-Mark","CORE","-3.31%","-1.60%","5.46%","-24.19%","-34.28%","-62.03%"
"CoreSite","COR","1.92%","1.98%","3.81%","1.00%","6.60%","130.59%"
"Corindus Vascular Robotics","CR3","-3.04%","-0.78%","28.12%","8.77%","-38.58%","-73.97%"
"CorVel","CRVL","-2.92%","-2.32%","1.48%","3.59%","13.93%","70.72%"
"CPB","CPF","-1.78%","-3.54%","-1.95%","-5.83%","-7.75%","22.99%"
"Cray","CRAY","-5.23%","-5.05%","-0.61%","1.03%","22.86%","-6.96%"
"Crocs","CROX","-3.42%","2.44%","2.67%","43.04%","127.42%","16.80%"
"Cross Country","CCRN","-1.68%","-0.85%","4.27%","-8.07%","-1.76%","-3.22%"
"CryoLife","CRY","-4.35%","-1.00%","6.46%","54.83%","56.88%","169.30%"
"CSG Systems","CSGS","-0.58%","0.12%","0.86%","-5.93%","-0.82%","33.35%"
"CTS Corp","CTS","-0.98%","-5.73%","-1.81%","37.28%","60.32%","87.33%"
"Cubic","CUB","-1.95%","-1.67%","5.53%","14.93%","43.08%","51.97%"
"Customers Bancorp","CUBI","-0.15%","-10.04%","-9.06%","-0.69%","-10.26%","1.65%"
"CVB Financial","CVBF","-0.13%","2.03%","5.44%","0.34%","10.11%","34.24%"
"Daktronics","DAKT","-1.30%","-1.07%","-2.23%","-8.87%","-13.78%","-26.89%"
"Darling Ingredients","DAR","-1.09%","0.76%","0.60%","10.31%","20.19%","55.52%"
"Dave & Buster’s Entertainment","PLAY","-0.69%","-5.37%","-2.69%","-16.04%","-24.33%","18.83%"
"Depomed","DEPO","-1.79%","1.35%","23.69%","2.48%","-19.98%","-72.98%"
"DHI Group","DHX","-2.38%","-4.65%","-12.77%","7.89%","-14.58%","-74.12%"
"Diamondrock Hospitality","DRH","-1.26%","-4.01%","-4.40%","3.99%","0.43%","-6.38%"
"Digi","DGII","0.37%","-1.09%","2.65%","41.88%","36.87%","35.77%"
"Dime Community","DCOM","-8.67%","-10.72%","-8.21%","-14.56%","-14.15%","5.23%"
"DineEquity","DIN","-0.48%","0.86%","-4.00%","41.55%","75.32%","-31.09%"
"Diodes","DIOD","-2.42%","-1.34%","8.96%","31.01%","41.42%","68.13%"
"Diplomat Pharmacy","DPLO","-0.73%","-1.93%","-14.32%","9.12%","42.12%","-51.99%"
"Donnelley Financial Solutions","DFIN","-1.00%","0.73%","19.29%","6.31%","-10.54%","-"
"Dorman","DORM","-0.22%","-1.37%","5.65%","18.04%","-7.40%","42.88%"
"DSP Group","DSPG","-1.54%","-2.66%","2.81%","2.40%","3.23%","34.45%"
"DXP Enterprises","DXPE","-4.22%","-4.78%","6.28%","37.30%","37.67%","9.64%"
"Eagle Pharm","EGRX","-1.48%","-3.53%","6.33%","50.60%","59.37%","-16.87%"
"EastGroup Properties","EGP","-1.04%","1.60%","-1.48%","6.53%","8.94%","58.13%"
"Ebix","EBIX","-3.55%","-3.03%","6.89%","2.84%","40.64%","171.76%"
"Echo Global","ECHO","1.25%","3.02%","10.77%","15.71%","133.94%","3.32%"
"eHealth","EHTH","0.70%","-3.50%","4.80%","33.33%","31.97%","49.42%"
"El Paso Electric","EE","-0.49%","0.33%","3.47%","10.48%","18.39%","69.77%"
"El Pollo Loco Holdings Inc","LOCO","1.27%","0.42%","4.82%","20.71%","-8.43%","-34.66%"
"Electro Scientific","ESIO","1.91%","-1.62%","11.79%","-17.73%","103.34%","272.73%"
"Electronics for Imaging","EFII","-3.31%","-3.61%","3.29%","13.88%","-30.39%","-25.91%"
"Emergent Biosolutions","EBS","-2.99%","-1.25%","6.12%","15.30%","47.16%","63.55%"
"Employers","EIG","-0.66%","7.21%","12.81%","2.14%","3.66%","88.57%"
"Enanta","ENTA","-19.10%","-21.53%","-17.17%","63.60%","152.37%","93.39%"
"Encore Capital","ECPG","-0.55%","-0.14%","-0.55%","-13.54%","-8.08%","-15.11%"
"Encore Wire","WIRE","-1.06%","-4.52%","-2.00%","-4.42%","4.03%","35.45%"
"Engility","EGL","-2.12%","-2.06%","11.59%","20.51%","16.49%","51.35%"
"Enova International Inc","ENVA","-13.46%","-17.65%","-13.82%","107.24%","114.29%","73.75%"
"Enpro Industries","NPO","-0.61%","0.50%","5.53%","-21.06%","0.97%","42.79%"
"ePlus","PLUS","-3.18%","-2.56%","5.10%","31.52%","21.80%","156.95%"
"Era Group Inc","ERA","-1.42%","4.04%","7.34%","29.30%","45.86%","-21.07%"
"ESCO Technologies","ESE","-1.83%","0.74%","6.67%","2.16%","-0.97%","61.89%"
"Essendant Inc","ESND","17.92%","7.70%","17.47%","67.53%","31.28%","-57.43%"
"Ethan Allen Interiors","ETH","-0.67%","-8.02%","-8.78%","-21.00%","-31.34%","-26.43%"
"Evercore","EVR","0.09%","2.55%","6.92%","25.28%","45.67%","90.62%"
"EW Scripps A","SSP","-3.60%","-2.33%","-5.90%","-19.39%","-37.16%","-43.01%"
"ExlServices","EXLS","-2.59%","-3.50%","6.32%","-0.27%","4.50%","60.42%"
"Exponent","EXPO","-2.09%","0.82%","1.97%","38.54%","52.62%","11.10%"
"Express","EXPR","-4.90%","-3.15%","4.04%","-6.21%","56.84%","-49.84%"
"Exterran Corp","EXTN","-0.18%","-0.18%","7.83%","-14.12%","-4.19%","-"
"EZCORP","EZPW","-4.15%","-5.71%","-4.15%","-5.33%","44.38%","82.18%"
"Fabrinet","FN","-2.84%","-3.38%","4.61%","34.46%","-14.36%","108.71%"
"FARO","FARO","1.02%","19.33%","27.23%","47.13%","76.18%","55.67%"
"Federal Signal","FSS","-1.61%","-1.61%","2.10%","18.37%","28.61%","57.38%"
"Fidelity","LION","-1.63%","-3.13%","-5.08%","10.64%","14.04%","26.15%"
"Fiesta","FRGI","-1.51%","-2.65%","2.26%","54.47%","69.65%","-45.38%"
"First Bancorp","FBP","0.12%","3.09%","9.02%","63.53%","38.54%","89.55%"
"First Commonwealth Financial","FCF","-0.68%","8.64%","13.48%","22.91%","36.12%","92.77%"
"First Financial Bancorp","FFBC","-1.60%","-1.76%","0.33%","16.70%","18.50%","63.91%"
"First Financial Bankshares","FFIN","-2.25%","-0.27%","10.71%","25.08%","31.05%","66.22%"
"First Midwest","FMBI","-0.63%","1.98%","5.03%","11.41%","20.60%","42.90%"
"First NBC Bank","FNBCQ","31.32%","-0.00%","-0.00%","400.00%","150.00%","-99.87%"
"FirstCash","FCFS","-7.52%","-12.06%","-8.29%","22.16%","40.98%","105.64%"
"Five Below","FIVE","-2.80%","-6.56%","-1.56%","45.04%","102.89%","158.16%"
"Flotek","FTK","-0.65%","1.33%","-5.57%","-34.55%","-63.69%","-82.07%"
"Forestar","FOR","0.22%","1.13%","7.71%","1.59%","30.70%","78.80%"
"Forrester","FORR","2.77%","3.60%","6.20%","0.79%","11.51%","38.18%"
"Forward Air","FWRD","-0.27%","4.21%","5.64%","8.65%","22.49%","30.24%"
"Four Corners Property Trust Inc","FCPT","-0.52%","-0.40%","0.53%","-3.66%","-3.32%","-"
"Fox Factory","FOXF","-1.70%","-3.53%","5.59%","26.51%","27.50%","207.19%"
"Francescass","FRAN","-2.13%","0.77%","3.44%","6.84%","-17.88%","-36.24%"
"Franklin Electric","FELE","-2.35%","2.14%","5.76%","3.92%","19.10%","70.48%"
"Franklin Street Properties","FSP","-2.20%","-0.59%","-1.40%","-21.42%","-21.71%","-27.80%"
"Freds","FRED","1.42%","-2.27%","-5.70%","-46.91%","-68.52%","-87.83%"
"FTD Companies Inc","FTD","-4.52%","-7.14%","-27.16%","-52.99%","-82.61%","-88.44%"
"FutureFuel","FF","-2.19%","-0.37%","-4.14%","-4.68%","-9.32%","17.70%"
"G-III Apparel","GIII","-4.24%","-4.99%","1.13%","21.71%","72.89%","-36.96%"
"Gannett","GCI","-0.58%","2.59%","-3.74%","-11.13%","11.71%","-19.72%"
"Genesco","GCO","-2.56%","-1.84%","0.76%","23.08%","24.42%","-37.74%"
"Gentherm","THRM","-2.00%","8.50%","12.09%","38.74%","26.69%","-12.86%"
"Geo","GEO","-0.70%","-1.61%","-6.79%","8.77%","-13.34%","3.34%"
"Geospace","GEOS","-0.07%","2.97%","3.41%","12.10%","-4.97%","-17.85%"
"Getty","GTY","-2.74%","-0.81%","-0.32%","3.39%","9.01%","73.01%"
"Gibraltar Industries","ROCK","4.31%","10.94%","16.27%","32.12%","45.58%","129.59%"
"Glacier","GBCI","-0.75%","1.79%","12.90%","10.87%","27.35%","57.82%"
"Glatfelter","GLT","-0.59%","-0.49%","2.86%","-6.02%","-1.18%","0.80%"
"Government Propertiesome","GOV","-3.98%","-7.55%","-7.26%","-20.71%","-18.65%","-15.52%"
"Great Western Bancorp Inc","GWB","-1.86%","1.59%","0.74%","6.28%","11.29%","62.63%"
"Green Dot","GDOT","-3.62%","-1.49%","9.67%","33.57%","99.73%","297.29%"
"Green Plains Energy","GPRE","1.88%","2.52%","-10.93%","-3.26%","-17.68%","-28.70%"
"Greenbrier","GBX","-1.57%","-1.91%","7.20%","6.10%","26.51%","23.50%"
"Greenhill&Co","GHL","-0.15%","2.86%","14.08%","66.15%","73.26%","-17.79%"
"Griffon","GFF","-2.51%","-5.68%","-1.97%","-14.25%","-14.04%","8.86%"
"Group 1 Automotive","GPI","6.17%","2.12%","9.46%","-2.83%","12.96%","-27.81%"
"Guess?","GES","-3.77%","-4.40%","2.62%","30.09%","67.38%","-0.41%"
"Gulf Island Fabrication","GIFI","-1.08%","-3.16%","2.22%","-31.50%","-18.94%","-11.62%"
"H B Fuller","FUL","-0.44%","0.27%","5.09%","4.72%","9.28%","41.95%"
"Haemonetics","HAE","-0.82%","0.18%","10.20%","70.16%","135.31%","148.32%"
"Hanmi","HAFC","-1.20%","-10.16%","-12.70%","-18.45%","-13.61%","-2.17%"
"Harmonic","HLIT","2.27%","1.12%","5.88%","7.14%","12.50%","-25.00%"
"Harsco","HSC","-0.81%","4.05%","10.41%","30.83%","56.91%","77.07%"
"Haverty Furniture","HVT","-3.16%","-5.24%","-7.87%","-12.14%","-13.29%","-11.24%"
"Hawaiian","HA","-3.08%","4.80%","9.32%","-1.38%","-6.32%","81.27%"
"Hawkins","HWKN","-2.84%","-0.13%","6.36%","6.82%","-16.44%","4.44%"
"Haynes","HAYN","-1.23%","7.63%","13.61%","30.23%","36.01%","-2.43%"
"HCI Group Inc","HCI","-1.21%","0.19%","1.90%","41.67%","-5.34%","-5.59%"
"Healthcare Services","HCSG","-0.91%","1.57%","-7.22%","-23.99%","-24.20%","15.11%"
"Healthequity Inc","HQY","-7.46%","-7.21%","1.73%","63.74%","61.66%","126.77%"
"HealthStream","HSTM","-1.48%","-4.15%","2.31%","20.64%","22.92%","0.32%"
"Heartland Express","HTLD","-0.52%","-8.48%","2.96%","-18.17%","-9.22%","-9.74%"
"Heidrick&Struggles","HSII","-2.40%","-0.57%","-1.14%","40.94%","87.53%","58.28%"
"Helix","HLX","0.91%","14.12%","19.33%","31.83%","54.83%","16.94%"
"HFF","HF","12.99%","21.58%","28.09%","-9.54%","18.98%","7.19%"
"Hibbett Sports","HIBB","-2.11%","-3.53%","1.31%","13.73%","52.13%","-49.18%"
"HighPoint","HPR","-2.59%","2.27%","11.18%","31.77%","89.36%","8.51%"
"Hillenbrand","HI","-1.40%","-0.50%","4.56%","10.29%","37.13%","76.20%"
"HMS Holdings","HMSY","-1.46%","-2.52%","9.34%","39.47%","17.32%","103.62%"
"Home BancShares","HOMB","0.13%","0.13%","3.28%","0.22%","-5.93%","-41.10%"
"Hope Bancorp","HOPE","-1.05%","-2.53%","-4.94%","-7.12%","-2.81%","11.15%"
"Horace Mann Educators","HMN","-2.25%","-4.08%","-2.47%","-1.36%","17.73%","24.11%"
"Hornbeck","HOS","-3.08%","-2.88%","19.19%","51.77%","69.78%","-74.61%"
"Hub Group","HUBG","-0.76%","-8.10%","-7.73%","-4.07%","35.35%","8.81%"
"Iconix Brand","ICON","1.58%","-18.46%","-8.62%","-58.91%","-92.27%","-97.56%"
"ICU Medical","ICUI","-4.20%","-4.87%","-2.61%","32.41%","64.75%","187.90%"
"II-VI","IIVI","-2.29%","2.28%","3.22%","-4.47%","18.65%","156.87%"
"ILG","ILG","-1.35%","-0.35%","3.72%","20.29%","29.19%","59.27%"
"Independent Bank","INDB","-1.11%","1.30%","13.90%","27.85%","25.25%","86.08%"
"Ingevity","NGVT","1.48%","10.09%","22.51%","40.57%","67.96%","-"
"Innophoss","IPHS","-2.55%","-3.30%","1.05%","2.93%","14.12%","-6.00%"
"Innospec","IOSP","-2.88%","-2.70%","3.66%","12.39%","26.96%","86.88%"
"Inogen Inc","INGN","-2.84%","-5.19%","6.71%","66.97%","111.59%","360.79%"
"Insight Enterprises","NSIT","-1.75%","-0.04%","2.41%","30.87%","22.88%","88.74%"
"Insperity","NSP","-1.81%","2.71%","5.41%","75.07%","171.65%","100.56%"
"Installed Building","IBP","-3.20%","-9.17%","-6.28%","-30.22%","0.19%","98.73%"
"Integer Hld","ITGR","-1.64%","-0.14%","11.45%","59.05%","57.14%","51.49%"
"Integra","IART","0.38%","-2.41%","-4.63%","28.35%","22.98%","91.97%"
"Inter Parfums","IPAR","-0.42%","4.74%","11.50%","37.28%","54.33%","91.92%"
"Interactive Brokers","IBKR","-1.32%","-2.06%","-4.72%","3.65%","53.50%","49.87%"
"Interface, Inc.","TILE","-0.23%","-6.18%","-4.14%","-12.52%","16.40%","-14.89%"
"INTL FCStone","INTL","-2.15%","1.65%","4.58%","27.16%","38.99%","83.07%"
"Intrepid Potash","IPI","-1.66%","2.47%","1.22%","-12.82%","40.20%","-51.58%"
"Invacare","IVC","0.57%","-0.00%","-5.38%","4.45%","17.33%","2.39%"
"Investment Tech","ITG","-1.41%","0.27%","7.22%","16.52%","2.23%","22.17%"
"Iridium","IRDM","-1.10%","-1.64%","11.49%","52.12%","73.43%","131.91%"
"iRobot","IRBT","-3.32%","8.24%","5.79%","4.51%","-25.26%","157.83%"
"Itron","ITRI","-2.30%","-3.18%","-1.08%","-12.90%","-18.07%","86.38%"
"J & J Snack Foods","JJSF","-1.08%","-1.29%","0.60%","1.03%","17.43%","32.08%"
"John Bean Tech","JBT","-0.52%","18.73%","29.08%","3.56%","23.99%","216.29%"
"Kaiser","KALU","-0.37%","2.56%","6.52%","3.79%","17.49%","30.89%"
"Kaman","KAMN","-0.51%","-2.22%","-4.72%","12.85%","29.76%","65.96%"
"KapStone Paper&Packaging","KS","0.17%","0.03%","0.84%","53.33%","52.52%","48.93%"
"Kelly Services A","KELYA","-1.23%","4.84%","7.04%","-11.88%","8.68%","60.63%"
"Kirklands","KIRK","-1.85%","-1.59%","-4.04%","-6.61%","16.48%","-58.80%"
"Kite","KRG","-3.58%","-2.71%","-5.27%","-17.45%","-20.22%","-38.06%"
"Knight Transportation","KNX","-0.50%","-15.51%","-16.02%","-26.60%","-9.48%","18.90%"
"Kopin","KOPN","-2.56%","-2.25%","6.29%","-5.00%","-20.00%","0.66%"
"Koppers","KOP","-3.29%","-5.89%","-4.17%","-27.80%","0.27%","81.21%"
"Korn/Ferry","KFY","-1.22%","1.45%","7.35%","60.66%","98.98%","98.98%"
"Kraton","KRA","-0.61%","-1.55%","2.93%","-1.41%","28.53%","135.22%"
"Kulicke&Soffa","KLIC","1.51%","-1.90%","12.89%","10.48%","25.01%","156.58%"
"La-Z-Boy","LZB","-2.37%","-4.63%","0.98%","-0.96%","-6.36%","21.75%"
"Lannett Com","LCI","-1.95%","1.62%","-7.72%","-45.91%","-39.37%","-78.89%"
"LCI Industries","LCII","-3.21%","-10.46%","-3.11%","-32.81%","-18.63%","50.47%"
"Legacy Texas Financial Grp","LTXB","-0.54%","-0.97%","13.02%","4.48%","14.01%","46.61%"
"Lendingtree","TREE","-5.93%","-3.62%","11.60%","-29.92%","10.18%","190.94%"
"Lexington","LXP","-2.06%","-1.38%","-1.83%","-11.19%","-15.32%","-0.58%"
"LGI Homes","LGIH","-4.35%","-11.48%","-8.14%","-29.32%","20.60%","174.91%"
"LHC Group","LHCG","-2.83%","-0.64%","1.12%","41.31%","48.46%","124.34%"
"Ligand","LGND","-4.07%","-3.80%","7.68%","62.92%","83.97%","106.98%"
"Lindsay","LNN","-0.01%","-2.33%","-5.73%","3.66%","-0.28%","10.41%"
"Liquidity Services","LQDT","-2.78%","1.45%","6.87%","44.33%","0.00%","-19.82%"
"Lithia Motors","LAD","-3.35%","-13.82%","-13.12%","-27.67%","-23.21%","-30.44%"
"Littelfuse","LFUS","-0.77%","-2.35%","-2.91%","11.99%","23.37%","141.03%"
"LivePerson","LPSN","-4.69%","0.43%","10.66%","103.04%","79.62%","145.79%"
"LogMeIn","LOGM","-25.47%","-28.64%","-24.60%","-32.01%","-33.00%","5.30%"
"Lsb Industries","LXU","-4.04%","-13.84%","20.94%","-26.83%","-15.77%","-82.86%"
"LSC Communications","LKSD","-0.56%","-3.61%","-9.71%","-6.67%","-33.83%","-"
"LTC Properties","LTC","-0.96%","-1.15%","-3.56%","-5.35%","-19.51%","-4.80%"
"Lumber Liquidators","LL","-2.49%","-6.69%","-2.01%","-23.99%","-6.72%","24.66%"
"Lumentum Holdings Inc","LITE","-2.83%","-2.21%","-8.12%","8.79%","-14.05%","153.33%"
"Luminex","LMNX","-1.31%","-0.33%","12.46%","68.58%","62.87%","94.78%"
"Lydall","LDL","-1.31%","0.22%","3.32%","-11.13%","-9.44%","52.78%"
"M/I Homes","MHO","-1.69%","-5.11%","-3.21%","-25.49%","-1.23%","3.18%"
"Magellan Health","MGLN","-20.88%","-21.65%","-24.96%","-25.43%","-5.14%","18.91%"
"Maiden Holdings","MHLD","-0.58%","3.64%","10.32%","29.55%","-21.92%","-47.87%"
"ManTech","MANT","-1.48%","-3.67%","8.02%","15.44%","47.13%","96.07%"
"Marcus","MCS","0.97%","10.41%","12.62%","33.82%","31.89%","79.32%"
"MarineMax","HZO","-0.26%","-10.00%","-0.26%","0.00%","27.27%","4.94%"
"Marriot Vacations Worldwide","VAC","-2.52%","-0.71%","5.46%","-11.89%","2.47%","44.17%"
"Marten Transport","MRTN","-2.78%","-10.83%","-10.45%","3.45%","29.63%","81.66%"
"Masimo","MASI","-2.00%","-4.28%","0.32%","15.52%","1.66%","134.97%"
"Materion","MTRN","-0.24%","9.95%","13.30%","26.23%","57.11%","100.82%"
"Matrix","MTRX","-0.76%","2.34%","7.08%","10.39%","84.51%","0.72%"
"Matson","MATX","-1.23%","-3.66%","-8.00%","18.33%","24.33%","-11.99%"
"Matthews","MATW","-8.59%","-13.57%","-13.86%","-4.07%","-23.32%","-4.86%"
"MDC","MDC","-2.59%","-9.14%","-5.98%","-9.25%","-9.90%","2.73%"
"Medidata","MDSO","-4.29%","-14.33%","-7.49%","17.61%","-4.01%","37.97%"
"MEDIFAST","MED","-0.91%","2.01%","9.07%","150.24%","306.92%","469.95%"
"Mercury","MRCY","-1.76%","-0.83%","7.20%","-20.55%","-7.02%","192.05%"
"Meridian","VIVO","-2.22%","-2.52%","-2.83%","10.36%","10.75%","-15.02%"
"Merit","MMSI","-2.44%","-3.14%","5.57%","25.12%","31.67%","114.74%"
"Meritage","MTH","-1.17%","-5.69%","-3.75%","-17.38%","2.67%","-5.85%"
"Methode Electronics","MEI","-1.02%","-1.28%","-4.09%","-3.62%","-2.52%","42.62%"
"MicroStrategy","MSTR","-5.98%","-4.53%","1.10%","-1.63%","-7.74%","-36.94%"
"MiMedx","MDXG","-13.54%","10.96%","-35.05%","-67.09%","-71.86%","-62.78%"
"MKS Instruments","MKSI","4.42%","-4.54%","1.15%","2.43%","16.14%","171.99%"
"Mobile Mini","MINI","6.11%","-12.41%","-11.19%","20.72%","37.23%","14.71%"
"Momenta","MNTA","-6.01%","-4.61%","41.56%","107.53%","75.45%","33.10%"
"Monarch","MCRI","-0.57%","-1.59%","6.92%","5.09%","39.39%","152.68%"
"Monotype","TYPE","5.47%","4.95%","4.43%","-12.03%","13.37%","-13.75%"
"Monro Muffler Brake","MNRO","-0.93%","-6.57%","10.07%","12.29%","39.63%","2.35%"
"Moog","MOGa","-8.17%","-9.00%","-4.96%","-14.69%","-3.54%","12.67%"
"Motorcar Parts","MPAA","2.57%","3.96%","15.07%","-13.85%","-22.36%","-27.09%"
"Movado","MOV","-2.98%","-0.51%","1.04%","51.55%","95.59%","92.28%"
"MTS Systems","MTSC","-1.03%","-2.58%","0.38%","-1.58%","0.67%","-17.24%"
"Mueller Industries","MLI","0.00%","8.54%","8.54%","-9.60%","3.36%","-1.02%"
"Multi-Color","LABL","-0.84%","0.77%","0.77%","-12.96%","-19.22%","2.16%"
"Myers Industries","MYE","-1.38%","-2.19%","-6.77%","-8.21%","0.28%","16.76%"
"MYR Group","MYRG","0.41%","-3.44%","4.46%","3.67%","16.55%","25.26%"
"Nanometrics","NANO","0.88%","-1.28%","4.18%","48.03%","37.50%","169.47%"
"National Presto Industries","NPK","-3.25%","-1.92%","-5.16%","18.25%","3.11%","46.32%"
"Natus","BABY","1.32%","5.50%","0.14%","-9.55%","-1.85%","-23.81%"
"Nautilus","NLS","-2.11%","-4.45%","-11.15%","4.49%","-20.51%","-30.25%"
"Navigant","NCI","-1.99%","-0.28%","-4.25%","9.22%","7.18%","33.75%"
"NBT Bancorp","NBTB","-1.23%","2.96%","7.63%","11.58%","14.89%","52.24%"
"Neenah Paper","NP","-1.69%","-0.74%","2.95%","-3.64%","8.71%","47.18%"
"Nektar","NKTR","0.76%","3.69%","3.48%","-15.39%","120.56%","309.81%"
"Neogen","NEOG","-2.15%","-1.33%","1.04%","31.40%","66.06%","42.34%"
"NETGEAR","NTGR","0.07%","-8.64%","10.80%","17.87%","38.09%","106.59%"
"Newpark Resources","NR","10.88%","9.74%","-1.38%","24.42%","36.31%","46.37%"
"NIC","EGOV","-3.31%","-0.62%","3.22%","-3.31%","-0.31%","-6.20%"
"Northern Oil&Gas","NOG","-2.69%","-4.97%","3.17%","58.54%","150.00%","-35.39%"
"Northfield Bancorp","NFBK","-3.45%","-4.53%","-2.47%","-5.09%","-2.76%","7.49%"
"Northwest Bancshares","NWBI","-1.04%","0.78%","3.80%","7.89%","12.39%","42.91%"
"Northwest Natural Gas","NWN","-1.00%","0.86%","1.25%","8.30%","2.70%","51.29%"
"NutriSystem","NTRI","-2.12%","-1.75%","2.08%","-25.29%","-30.38%","27.85%"
"OFG Bancorp","OFG","0.00%","3.46%","17.08%","75.00%","61.27%","100.37%"
"Old National Bancorp","ONB","-1.39%","1.46%","4.73%","11.63%","20.25%","35.28%"
"Ollies Bargain Outlet Holdings Inc","OLLI","-4.24%","-4.82%","-3.38%","31.55%","54.30%","257.40%"
"Olympic Steel","ZEUS","-1.29%","-1.55%","9.02%","3.54%","29.74%","84.04%"
"Omnicell","OMCL","10.83%","8.62%","14.11%","23.40%","23.27%","50.49%"
"Onespan","OSPN","-9.51%","-9.95%","-5.60%","33.45%","34.91%","-12.38%"
"Opus Bank","OPB","-0.71%","-5.90%","-2.79%","2.20%","16.74%","-27.51%"
"Orion Group","ORN","-1.72%","0.44%","10.41%","16.48%","29.36%","25.27%"
"Oritani","ORIT","-0.30%","-0.00%","1.54%","0.30%","-0.30%","7.73%"
"OSI Systems","OSIS","-1.33%","-1.32%","-0.30%","19.76%","-3.15%","10.47%"
"Oxford Industries","OXM","-3.66%","-0.92%","11.04%","22.54%","46.44%","9.57%"
"Papa John's","PZZA","-2.99%","-16.42%","-14.98%","-23.15%","-39.68%","-43.11%"
"Park Electrochemical","PKE","-1.94%","-5.16%","-4.05%","13.23%","16.80%","24.37%"
"Patrick","PATK","-3.87%","-1.00%","4.84%","-14.18%","19.51%","66.67%"
"PDC Energy","PDCE","-2.69%","1.26%","2.28%","19.97%","30.14%","29.73%"
"Pennsylvania RE","PEI","-4.69%","-5.58%","-7.64%","-14.63%","-15.77%","-52.79%"
"Perficient","PRFT","-2.41%","-1.37%","1.18%","39.91%","41.99%","62.58%"
"Perry Ellis","PERY","-0.68%","-1.27%","2.80%","11.54%","42.72%","16.72%"
"PetMed Express","PETS","-1.96%","-11.84%","-19.57%","-22.13%","-26.75%","109.77%"
"PGT Innovations","PGTI","-0.21%","10.21%","13.91%","40.95%","83.40%","53.92%"
"Phibro","PAHC","-1.15%","-0.74%","2.39%","40.75%","22.79%","21.49%"
"Pinnacle","PNFP","-0.56%","-0.56%","2.04%","-5.58%","-1.96%","18.43%"
"Pioneer Energy Services","PES","-3.00%","-4.90%","-17.09%","59.02%","110.87%","27.63%"
"Piper Jaffray","PJC","1.45%","1.11%","0.39%","-10.55%","21.88%","68.52%"
"Plexus","PLXS","-1.73%","-3.42%","-0.94%","-2.87%","9.71%","54.44%"
"Powell Industries","POWL","-2.78%","0.57%","1.32%","23.18%","7.59%","20.07%"
"Power Integrations","POWI","-5.99%","-7.08%","-2.70%","-3.36%","-2.03%","80.18%"
"PRA Group Inc","PRAA","-4.26%","-5.92%","5.06%","21.99%","4.52%","-35.45%"
"ProAssurance","PRA","-1.35%","2.95%","13.26%","-29.75%","-34.87%","-15.06%"
"Progress","PRGS","-4.26%","-2.35%","-1.57%","-10.24%","18.89%","31.17%"
"Proto Labs","PRLB","-6.29%","-5.11%","7.69%","24.37%","74.52%","71.53%"
"Provident","PFS","-5.27%","-5.85%","-4.72%","-2.74%","0.69%","38.64%"
"PS Business Parks","PSB","-1.54%","-0.89%","-2.29%","0.38%","-5.63%","64.28%"
"Quaker Chemical","KWR","-1.96%","-0.77%","4.23%","7.05%","12.66%","101.35%"
"Quality Systems","QSII","-3.51%","-0.40%","2.97%","47.86%","16.34%","55.06%"
"Qualys","QLYS","-4.89%","-6.80%","7.30%","52.40%","122.51%","142.62%"
"Quanex Building Products","NX","-1.16%","-4.21%","-5.01%","-27.14%","-24.22%","-15.00%"
"QuinStreet","QNST","-3.58%","-0.22%","8.27%","64.08%","248.10%","131.48%"
"Quorum Health","QHC","-3.06%","8.70%","-5.00%","-23.88%","47.52%","-"
"Rambus","RMBS","-0.52%","0.68%","6.78%","-5.84%","3.24%","1.98%"
"Raven","RAVN","-3.72%","-2.27%","0.91%","12.95%","13.28%","100.31%"
"Rayonier Advanced Materials","RYAM","-1.37%","1.17%","1.11%","-15.50%","16.44%","30.22%"
"Re Max Holding","RMAX","-3.16%","-8.99%","-3.53%","4.33%","-12.68%","32.95%"
"Red Robin Gourmet Burgers","RRGB","-1.84%","-4.10%","2.90%","-14.98%","-19.07%","-47.11%"
"Regis","RGS","-1.86%","-1.97%","5.44%","13.54%","64.68%","19.78%"
"Rent-A-Center","RCII","0.00%","0.07%","0.20%","32.88%","11.74%","-44.61%"
"Repligen","RGEN","-2.58%","-2.52%","1.11%","31.09%","17.75%","35.96%"
"Resources Connection","RECN","-0.32%","8.74%","-7.99%","0.65%","13.92%","-0.38%"
"Retail Opportunity","ROIC","-2.40%","-3.84%","-4.49%","-8.27%","-9.76%","8.09%"
"REX American Resources","REX","-0.69%","2.34%","-6.36%","-8.42%","-23.85%","44.47%"
"RLI","RLI","-1.26%","1.42%","11.47%","21.63%","27.78%","38.19%"
"Roadrunner","RRTS","-4.02%","-16.99%","2.87%","-72.11%","-69.63%","-91.79%"
"Rogers","ROG","-0.85%","2.35%","9.35%","-24.73%","5.48%","116.87%"
"RR Donnelley & Sons","RRD","-1.09%","-1.63%","-5.90%","-41.72%","-55.90%","-80.79%"
"Rudolph","RTEC","0.69%","-2.33%","-0.84%","22.80%","21.28%","161.12%"
"Ruth's Hospitality","RUTH","-0.51%","-2.48%","5.17%","36.26%","46.04%","80.76%"
"S&T Bancorp","STBA","-1.07%","-0.83%","4.49%","13.49%","20.42%","47.41%"
"Sabra","SBRA","-3.10%","-4.51%","-3.54%","11.67%","-9.85%","-22.46%"
"Safety Insurance","SAFT","-2.24%","0.50%","4.92%","11.44%","26.20%","57.55%"
"Saia","SAIA","-1.95%","-6.72%","-9.83%","3.04%","33.27%","71.41%"
"Sanderson Farms","SAFM","0.70%","1.43%","-4.46%","-27.61%","-21.60%","41.73%"
"Sanmina","SANM","-2.65%","-4.70%","0.34%","-10.91%","-17.99%","34.74%"
"Saul Centers","BFS","-2.86%","-2.43%","-2.43%","-15.34%","-13.69%","0.33%"
"ScanSource","SCSC","-2.76%","-2.29%","0.62%","13.27%","2.53%","10.49%"
"Scholastic","SCHL","-0.91%","-4.65%","-7.06%","2.67%","-0.60%","-4.54%"
"Schweitzer-Mauduit","SWM","-1.80%","-3.45%","-5.33%","-8.75%","8.89%","6.05%"
"Scientific Games","SGMS","-0.83%","-4.12%","-3.05%","-7.12%","23.13%","215.98%"
"SEACOR","CKH","-1.68%","-1.28%","-7.02%","15.21%","53.41%","-15.76%"
"Select Medical","SEM","-3.47%","7.20%","14.88%","18.13%","26.36%","42.32%"
"Selective","SIGI","-1.84%","0.60%","6.55%","-0.17%","15.47%","92.01%"
"Semtech","SMTC","-2.60%","-4.41%","3.61%","42.54%","22.64%","173.72%"
"Seneca Foods A","SENEA","-2.52%","-2.87%","0.19%","-12.03%","-5.75%","-6.17%"
"ServisFirst Bancshares","SFBS","0.21%","1.23%","0.67%","1.23%","16.44%","116.21%"
"Shoe Carnival","SCVL","-1.52%","-1.45%","-3.94%","16.52%","69.59%","9.02%"
"Shutterstock","SSTK","-3.97%","-4.13%","-0.15%","10.13%","10.03%","-9.80%"
"Simmons First National","SFNC","-0.50%","-3.85%","0.33%","5.08%","10.17%","-34.07%"
"Simpson Manufacturing","SSD","-1.54%","-4.38%","-3.42%","4.62%","37.37%","70.05%"
"SkyWest","SKYW","5.30%","9.19%","16.76%","14.12%","61.17%","333.17%"
"Sleep Number","SL2","-4.21%","-6.01%","-1.88%","-19.47%","-11.75%","-2.68%"
"Sonic","SONC","-2.36%","-4.27%","2.30%","28.13%","48.69%","20.58%"
"Sonic Automotive","SAH","2.79%","1.65%","-10.44%","-0.00%","-4.65%","-20.51%"
"South Jersey Industries","SJI","-0.83%","-0.62%","0.15%","7.33%","-0.77%","39.84%"
"Southside","SBSI","-1.63%","-0.20%","3.98%","3.98%","0.86%","39.74%"
"SpartanNash Co","SPTN","-3.48%","-3.67%","-5.41%","-9.52%","-11.90%","-25.65%"
"Spectrum","SPPI","-2.42%","-9.94%","2.05%","12.88%","184.06%","215.95%"
"Spire","SR","-1.03%","-0.62%","1.56%","-4.52%","-1.03%","33.91%"
"Spok Holdings","SPOK","-0.67%","2.79%","-1.99%","-5.75%","-9.79%","-7.12%"
"SPS Commerce","SPSC","11.38%","12.29%","16.64%","76.39%","45.69%","20.31%"
"SPX Corp","SPXC","-1.22%","0.52%","4.11%","16.25%","32.93%","120.35%"
"SPX FLOW Inc","FLOW","-1.56%","0.62%","3.59%","-4.65%","25.84%","-"
"Stage Stores","SSI","-3.00%","-11.02%","-12.86%","25.00%","6.06%","-87.89%"
"Stampscom","STMP","-2.59%","0.89%","7.55%","44.76%","82.77%","294.82%"
"Standard Motor Products","SMP","1.69%","-5.50%","-5.13%","2.12%","-13.13%","28.28%"
"Standex","SXI","-2.32%","-0.58%","1.08%","1.42%","8.74%","39.05%"
"Stein Mart","SMRT","-1.81%","-11.07%","-11.43%","87.07%","53.90%","-78.75%"
"Stepan","SCL","1.07%","5.28%","11.40%","10.04%","5.74%","75.91%"
"Sterling Bancorp","STL","0.00%","-1.52%","-3.19%","-7.52%","0.22%","53.30%"
"Steven Madden","SHOO","-2.90%","-2.90%","0.85%","14.67%","29.04%","30.42%"
"Stewart Info Services","STC","-0.71%","-0.66%","4.18%","6.08%","13.14%","9.89%"
"Strayer","STRA","-1.08%","-0.37%","5.80%","33.47%","51.28%","114.07%"
"Sturm Ruger&Company","RGR","-2.69%","-3.47%","-3.12%","-2.86%","-4.66%","-9.81%"
"Summit Hotel Properties","INN","-1.73%","-3.60%","-4.54%","-10.31%","-23.22%","0.44%"
"SunCoke Energy","SXC","-4.04%","-11.07%","-11.27%","-0.83%","29.66%","-3.65%"
"Super Micro Computer","SMCI","-4.31%","-6.53%","-6.13%","6.07%","-17.16%","-13.85%"
"Superior Industries","SUP","0.58%","-0.00%","-3.91%","15.82%","-15.89%","1.90%"
"Supernus","SUPN","0.19%","-2.60%","-10.69%","34.13%","30.37%","162.01%"
"Supervalu","SVU","-0.31%","55.60%","56.29%","48.47%","29.42%","-50.15%"
"SurModics","SRDX","-5.87%","-2.39%","7.43%","111.79%","118.42%","158.39%"
"Sykes","SYKE","-3.08%","-3.46%","0.73%","-7.82%","-15.11%","20.99%"
"Synchronoss Tech","SNCR","-0.74%","-1.28%","-12.48%","-39.60%","-67.35%","-88.59%"
"Synergy Resources","SRCI","-3.33%","0.46%","-0.00%","29.19%","29.49%","9.22%"
"Tailored Brands","TLRD","-5.47%","-8.17%","-19.44%","-5.82%","64.88%","-65.47%"
"Take-Two","TTWO","-2.19%","-3.18%","3.57%","11.66%","53.03%","285.35%"
"Team","TISI","-1.76%","1.36%","-3.25%","50.00%","56.84%","-48.26%"
"Tennant","TNC","0.91%","5.90%","5.63%","14.87%","11.12%","40.28%"
"Tetra Tech","TTEK","-2.35%","0.08%","3.08%","25.23%","28.43%","137.68%"
"Tetra Technologies","TTI","-3.27%","-5.69%","-6.97%","-3.04%","47.33%","-15.34%"
"Texas Capital","TCBI","-0.05%","-4.87%","0.27%","3.21%","16.73%","54.54%"
"The Andersons","ANDE","-1.50%","-2.96%","0.58%","10.43%","-0.00%","-7.30%"
"The Childrens Place","PLCE","-3.94%","-5.20%","-1.20%","-17.89%","13.07%","103.67%"
"The Ensign","ENSG","-2.47%","-2.14%","3.60%","67.16%","65.37%","47.03%"
"The Medicines","MDCO","-1.53%","-1.31%","7.03%","43.67%","2.27%","29.21%"
"The Navigators","NAVG","-1.73%","1.36%","4.74%","22.59%","5.57%","52.18%"
"The Providence Service","PRSC","-1.34%","-1.37%","-10.34%","18.69%","36.55%","54.52%"
"Tidewater","TDW","1.06%","6.19%","15.59%","37.05%","10.88%","-94.62%"
"Tile Shop","TTS","-1.81%","-7.39%","5.84%","-15.10%","-44.37%","-41.54%"
"Timkensteel Corp","TMST","-15.84%","-12.42%","-5.14%","2.11%","-1.34%","-21.51%"
"Titan","TWI","-1.74%","-1.07%","-5.41%","-21.20%","-21.86%","11.05%"
"Tivity Health","TVTY","-0.87%","-1.59%","-2.98%","-6.57%","-16.30%","173.64%"
"TiVo","TIVO","-3.67%","-7.81%","-12.27%","-24.36%","-38.86%","-7.67%"
"Tompkins","TMP","-1.57%","-4.29%","1.57%","7.23%","11.01%","63.78%"
"Topbuild Corp","BLD","-1.15%","-10.40%","-4.86%","-1.60%","42.31%","156.20%"
"Tredegar","TG","-2.67%","4.07%","8.72%","33.07%","68.65%","31.63%"
"Trex","TREX","-2.66%","-4.90%","3.36%","19.35%","72.92%","43.53%"
"TrueBlue","TBI","-1.61%","-0.36%","2.04%","0.00%","8.48%","5.57%"
"TrustCo Bank NY","TRST","-1.08%","1.10%","2.81%","-0.54%","11.59%","45.93%"
"TTEC","TTEC","-6.04%","-7.67%","-7.67%","-20.75%","-23.96%","17.63%"
"TTM","TTMI","-2.46%","-1.02%","-1.25%","11.10%","-1.58%","90.90%"
"Tuesday Morning","TUES","0.00%","4.40%","-6.56%","3.64%","56.59%","-70.06%"
"U S Concrete","USCR","1.18%","-1.72%","-2.10%","-38.55%","-34.02%","24.15%"
"UMB Financial","UMBF","-2.43%","-8.05%","-5.58%","0.08%","2.78%","31.83%"
"Unifi","UFI","-2.62%","-4.51%","-5.14%","-16.17%","-8.69%","-2.94%"
"Unifirst","UNF","-2.20%","-1.26%","4.49%","12.10%","29.49%","66.40%"
"Unit","UNT","-2.90%","-5.20%","-4.50%","10.95%","31.87%","18.32%"
"United Bankshares","UBSI","-0.27%","2.74%","3.02%","7.91%","8.54%","-7.27%"
"United Community Banks","UCBI","-0.66%","-1.88%","-1.43%","7.43%","9.57%","44.36%"
"United Fire","UFCS","-0.66%","6.29%","11.06%","32.82%","35.41%","74.92%"
"United Insurances","UIHC","-1.12%","-0.10%","3.63%","17.62%","26.26%","26.81%"
"Universal","UVV","-0.08%","0.46%","-0.08%","25.71%","3.12%","16.38%"
"Universal Electronics","UEIC","-1.12%","-0.42%","6.66%","-25.40%","-49.35%","-32.02%"
"Universal Forest","UFPI","-2.49%","-2.94%","-2.79%","-5.37%","25.22%","-42.39%"
"Universal Health RI","UHT","-0.58%","0.23%","1.63%","-13.43%","-16.84%","34.59%"
"Universal Insurance","UVE","0.12%","11.82%","19.94%","53.93%","78.77%","53.26%"
"Urstadt Biddle Properties","UBA","-3.06%","-2.63%","-3.40%","0.55%","4.00%","15.42%"
"US Ecology","ECOL","-0.52%","1.90%","5.02%","31.18%","26.11%","45.47%"
"US Physicalrapy","USPH","-0.75%","1.34%","10.42%","46.81%","68.52%","103.14%"
"US Silica","SLCA","4.01%","9.10%","4.09%","-17.87%","-7.82%","8.66%"
"Veeco","VECO","-2.35%","-5.83%","2.11%","-2.02%","-53.37%","-44.02%"
"Vera Bradley","VRA","-4.70%","-5.60%","-7.48%","6.65%","28.74%","19.39%"
"Veritiv Cor","VRTV","-2.28%","-9.46%","-8.78%","25.78%","-4.59%","0.11%"
"Viad","VVI","1.77%","0.88%","5.90%","3.70%","9.74%","127.08%"
"Viavi Solutions","VIAV","-2.23%","-2.13%","-1.37%","15.56%","-8.18%","60.57%"
"Vicor","VICR","-4.88%","13.74%","32.15%","175.36%","210.24%","482.49%"
"Virtus","VRTS","-0.19%","0.27%","1.13%","12.47%","14.21%","9.73%"
"Virtusa","VRTU","-2.26%","-1.68%","9.33%","20.74%","58.25%","10.94%"
"Vitamin Shoppe","VSI","0.00%","6.80%","12.95%","78.41%","-27.65%","-78.74%"
"Wabash National","WNC","-1.04%","-3.92%","2.36%","-11.98%","0.37%","39.42%"
"WageWorks","WAGE","-0.09%","5.23%","8.70%","-12.34%","-16.45%","23.21%"
"Walker&Dunlop","WD","-3.61%","-3.26%","3.50%","21.26%","17.00%","137.23%"
"Watts Water Technologies","WTS","-0.65%","-0.30%","6.82%","10.27%","30.15%","50.20%"
"WD-40","WDFC","-1.11%","0.19%","9.40%","35.59%","50.80%","79.71%"
"Westamerica Bancorporation","WABC","-0.71%","1.86%","6.57%","1.13%","10.86%","23.12%"
"Winnebago Industries","WGO","-1.67%","-8.15%","-5.67%","-31.12%","5.36%","76.01%"
"Wintrust","WTFC","-0.93%","-2.50%","1.19%","6.94%","17.53%","62.59%"
"Wolverine","WWW","-4.25%","-2.63%","1.18%","10.35%","25.37%","20.11%"
"World Acceptance","WRLD","-2.90%","-18.60%","-9.08%","25.04%","34.97%","89.79%"
"WWE","WWE","-2.49%","-1.41%","12.26%","167.33%","282.37%","322.26%"
"XO","XOXO","-4.79%","-5.18%","0.66%","74.49%","75.91%","115.88%"
"Xperi","XPER","-1.85%","-3.04%","-0.93%","-34.63%","-46.11%","-54.65%"
"Zumiez","ZUMZ","-3.13%","0.00%","-13.57%","3.99%","74.60%","-18.33%"
