"Name","Symbol","Average Vol. (3m)","Market Cap","Revenue","P/E Ratio","Beta"
"8x8","EGHT","915.32K","2.11B","310.62M","","0.51"
"AAON","AAON","190.57K","2.16B","426.50M","52.05","0.9"
"AAR","AIR","210.13K","1.59B","2.19B","26.98","1.25"
"Abercrombie&Fitch","ANF","2.42M","1.94B","3.56B","43.87","0.51"
"ABM Industries","ABM","809.04K","2.00B","5.99B","29.94","0.77"
"Acadia","AKR","559.06K","2.34B","376.95M","47.47","0.37"
"Aceto","ACET","467.77K","99.75M","737.10M","","1.66"
"Acorda","ACOR","712.87K","1.37B","588.93M","","1.43"
"Actuant","ATU","490.93K","1.79B","1.16B","","1.48"
"ADTRAN","ADTN","614.96K","811.57M","560.49M","","0.52"
"Advanced Energy","AEIS","457.14K","2.28B","747.43M","10.42","1.06"
"AdvanSix","ASIX","182.69K","1.00B","1.50B","13.1",""
"Aegion","AEGN","146.81K","815.86M","1.34B","","1.73"
"Aerojet Rocketdyne","AJRD","695.60K","2.73B","1.97B","36.27","1.08"
"AeroVironment","AVAV","360.74K","2.02B","271.06M","78.73","1.15"
"Agilysys","AGYS","43.36K","386.99M","127.50M","","0.32"
"Agree","ADC","161.22K","1.75B","132.20M","29.35","0.3"
"AK Steel","AKS","12.72M","1.34B","6.40B","","2.87"
"Alamo","ALG","66.35K","1.15B","978.93M","18.2","0.96"
"Albany","AIN","126.01K","2.48B","935.08M","37.01","1.7"
"Allegiant","ALGT","157.19K","2.20B","1.59B","15.76","0.12"
"Allete","ALE","211.60K","3.92B","1.40B","27.73","0.18"
"AMAG","AMAG","1.23M","844.58M","604.69M","","0.45"
"Amedisys","AMED","336.51K","3.94B","1.60B","46.27","0.89"
"American Assets","AAT","221.36K","1.86B","329.84M","98.95","0.34"
"American Axle&Manufacturing","AXL","1.90M","1.98B","7.22B","5.01","1.43"
"American Equity Inv. Life","AEL","551.19K","3.33B","2.97B","9.33","2.53"
"American Public Education","APEI","109.20K","585.51M","299.13M","29.46","0.66"
"American States Water","AWR","178.15K","2.24B","430.23M","37.03","0.1"
"American Vanguard","AVD","76.56K","618.62M","417.62M","32.31","1.04"
"American Woodmark","AMWD","135.47K","1.44B","1.25B","22.9","1.85"
"Ameris","ABCB","225.93K","2.38B","227.23M","24","1.07"
"AMERISAFE","AMSF","89.24K","1.21B","377.29M","19.6","0.75"
"AMN Healthcare Services","AMN","384.66K","2.73B","2.08B","21.18","0.31"
"Amneal Pharma A","AMRX","1.22M","7.06B","803.09M","","1.36"
"Amphastar P","AMPH","207.93K","838.17M","247.75M","","1.38"
"AngioDynamics","ANGO","229.74K","829.93M","344.29M","93.06","0.93"
"ANI Pharma","ANIP","142.67K","677.79M","189.20M","49.6","2.83"
"Anika","ANIK","86.25K","604.78M","108.38M","39.1","2.05"
"Anixter","AXE","187.93K","2.40B","8.13B","17.66","2.19"
"Apogee","APOG","310.40K","1.41B","1.39B","19.19","1.5"
"Applied Industrial Technologies","AIT","182.65K","2.97B","3.07B","22.29","0.88"
"ArcBest Corp","ARCB","308.58K","1.21B","2.95B","35.65","2.09"
"Archrock","AROC","1.27M","1.66B","845.70M","","2.9"
"Asbury Automotive","ABG","207.25K","1.54B","6.61B","9.52","1.46"
"ASGN","ASGN","277.86K","4.74B","2.91B","35.99","1.94"
"Assertio Therapeutics","ASRT","1.20M","444.85M","381.49M","","1.37"
"Astec","ASTE","180.90K","1.10B","1.16B","","1.03"
"Atlas Air","AAWW","268.12K","1.57B","2.42B","37.63","1.21"
"ATN Int","ATNI","95.43K","1.18B","452.09M","124.58","0.59"
"Avista","AVA","462.35K","3.38B","1.42B","27.6","0.17"
"Axon Enterprise","AAXN","894.95K","3.73B","385.36M","129.64","1.11"
"AZZ","AZZ","192.05K","1.40B","861.47M","54.91","1.44"
"B&G Foods","BGS","850.65K","2.07B","1.70B","36.28","0.49"
"Badger Meter","BMI","114.08K","1.58B","415.35M","53.63","0.68"
"Balchem","BCPC","114.47K","3.35B","635.08M","48.13","0.83"
"Banc of California","BANC","433.26K","998.61M","220.54M","38.39","0.77"
"Banner","BANR","195.21K","2.14B","259.82M","18.54","0.92"
"Barnes","B","214.18K","3.48B","1.47B","22.9","1.35"
"Barnes & Noble Education Inc","BNED","397.39K","255.23M","2.19B","",""
"Barnes&Noble","BKS","985.83K","418.56M","3.66B","","1.69"
"Bel Fuse B","BELFB","28.05K","320.16M","505.29M","38.77","1.09"
"Belmond","BEL","576.77K","1.95B","561.60M","","1.44"
"Benchmark Electronics","BHE","357.18K","1.20B","2.55B","19.21","0.23"
"Big 5","BGFV","1.28M","126.44M","987.49M","","-0.9"
"Biglari","BH","8.06K","609.58M","636.40M","","0.43"
"BioTelemetry","BEAT","469.88K","1.94B","368.62M","373.66","1.41"
"BJs Restaurants","BJRI","383.40K","1.49B","1.07B","39.03","0.67"
"Black Box","BBOX","216.31K","20.72M","773.79M","","0.9"
"Blackbaud","BLKB","284.75K","4.86B","830.34M","102.43","0.63"
"Blucora","BCOR","405.89K","1.71B","551.84M","34.87","-0.16"
"BofI Holding","BOFI","743.92K","2.42B","304.28M","14.97","0.25"
"Boise Cascad Llc","BCC","386.73K","1.75B","4.91B","14.66","1.94"
"Boston Private","BPFH","411.48K","1.20B","211.75M","36.9","0.91"
"Bottomline","EPAY","314.41K","2.58B","394.10M","1147.5","0.91"
"Boyd Gaming","BYD","1.03M","4.15B","2.40B","33.96","1.64"
"Brady","BRC","223.80K","2.03B","1.17B","20.52","1.1"
"Briggs&Stratton","BGG","314.91K","882.75M","1.85B","","0.66"
"Brinks","BCO","454.78K","3.95B","3.48B","","1.76"
"Bristow","BRS","704.93K","394.49M","1.46B","","3.01"
"Brookline Bancorp","BRKL","341.71K","1.47B","161.41M","20.16","0.78"
"Brooks Automation","BRKS","939.25K","2.08B","801.95M","17.08","0.92"
"Buckle","BKE","446.17K","1.36B","906.03M","13.88","0.61"
"Cabot","CCMP","180.11K","2.85B","570.18M","30.58","1.38"
"CACI","CACI","137.91K","4.74B","4.47B","25.49","1.51"
"Cal-Maine","CALM","341.98K","2.44B","1.50B","29.27","0.46"
"CalAmp","CAMP","382.70K","823.12M","372.72M","19.27","1.86"
"Calavo Growers","CVGW","207.84K","1.84B","1.09B","44.04","0.47"
"Caleres","CAL","397.61K","1.66B","2.79B","18.1","0.81"
"California Water Service","CWT","206.69K","1.97B","678.60M","11.89","0.53"
"Callaway Golf","ELY","1.10M","2.13B","1.23B","19.53","1.02"
"Cambrex","CBM","389.85K","2.13B","588.05M","17.64","2.39"
"Cantel Medical","CMD","334.46K","3.85B","848.57M","47.69","1.06"
"Capstead Mortgage","CMO","651.01K","775.18M","257.12M","15.06","0.15"
"Carbo Ceramics","CRR","399.92K","239.12M","217.87M","","1.52"
"Cardtronics","CATM","820.11K","1.76B","1.44B","","1.1"
"Career","CECO","259.30K","1.15B","578.21M","30.47","2.64"
"Caretrust Inc","CTRE","736.99K","1.48B","146.62M","34.01","0.93"
"Carrizo Oil&Gas","CRZO","3.29M","2.21B","917.30M","76.08","2.29"
"Cato","CATO","357.54K","504.71M","1.09B","","0.62"
"Cavco","CVCO","49.62K","2.19B","910.82M","34.71","1.45"
"Cedar Realty","CDR","408.87K","412.28M","152.46M","","0.78"
"Celadon","CGIP","391.97K","100.46M","","39.52","1.76"
"Central Garden&Pet","CENT","118.17K","1.93B","2.20B","20.48","-0.13"
"Central Garden&Pet A","CENTA","209.85K","1.93B","2.20B","20.48","-0.13"
"Century Aluminum","CENX","2.42M","1.05B","2.51B","15.8","0.74"
"CEVA","CEVA","190.44K","646.62M","80.70M","148.06","1.08"
"Chart Industries","GTLS","285.83K","2.28B","1.15B","99.25","1.08"
"Chemed","CHE","211.48K","5.14B","1.73B","29.62","1.16"
"Chemours Co","CC","1.54M","7.75B","6.71B","7.96",""
"Chesapeake Lodging","CHSP","274.17K","1.97B","599.25M","26.72","0.94"
"Chuy's Holdings","CHUY","161.57K","461.80M","388.40M","27.44","-0.23"
"Cincinnati Bell","CBB","596.53K","624.46M","1.31B","","1.15"
"CIRCOR","CIR","282.08K","849.21M","942.22M","","2.01"
"City Holding","CHCO","58.42K","1.27B","106.92M","18.4","0.61"
"Clearwater Paper","CLW","189.69K","508.65M","1.73B","22.99","1.12"
"Cloud Peak Energy","CLD","583.97K","185.66M","884.78M","","1.99"
"CMTSU Liquidation","CBRI","1.10M","195.95K","","","0.63"
"Cogent","CCOI","308.17K","2.43B","506.21M","109.92","0.59"
"Coherent","COHR","576.42K","4.47B","1.93B","22.26","0.97"
"Cohu","COHU","249.42K","745.63M","372.71M","16.05","0.98"
"Columbia Banking","COLB","276.51K","3.12B","286.52M","19","1.07"
"Comfort Systems","FIX","264.37K","2.12B","1.94B","30.66","1.33"
"Community Bank System","CBU","200.23K","3.38B","293.45M","22.26","1.04"
"Community Health Systems","CYH","2.56M","412.70M","13.98B","","1.64"
"Computer Programs&Systems","CPSI","76.13K","385.25M","283.96M","","-0.09"
"Comtech","CMTL","190.04K","852.77M","550.91M","29.47","1.49"
"CONMED","CNMD","178.50K","2.18B","827.56M","53.55","0.52"
"Consolidated Communications","CNSL","1.09M","861.44M","1.43B","","0.72"
"Contango Oil&Gas","MCF","73.85K","154.85M","77.74M","","1.62"
"Cooper Stnd","CPS","139.32K","2.49B","3.70B","13.88","0.74"
"Core-Mark","CORE","337.48K","1.60B","16.42B","83.89","0.71"
"CoreSite","COR","320.99K","5.55B","515.09M","56.12","0.3"
"Corindus Vascular Robotics","CR3","1.08K","158.36M","8.73M","81.08","1.03"
"CorVel","CRVL","35.96K","1.14B","571.13M","32.21","0.66"
"CPB","CPF","119.03K","857.40M","115.30M","16.93","1.03"
"Cray","CRAY","352.17K","865.53M","446.13M","","1.57"
"Crocs","CROX","1.21M","1.41B","1.05B","163.77","0.44"
"Cross Country","CCRN","228.36K","365.85M","863.02M","7.9","0.85"
"CryoLife","CRY","146.58K","1.27B","227.28M","","0.64"
"CSG Systems","CSGS","183.17K","1.23B","819.12M","20.02","0.88"
"CTS Corp","CTS","150.29K","1.15B","448.70M","35.29","1.25"
"Cubic","CUB","150.46K","2.03B","1.36B","","1.03"
"Customers Bancorp","CUBI","208.95K","809.48M","241.64M","11.81","0.69"
"CVB Financial","CVBF","386.16K","2.72B","170.13M","20.73","1.37"
"Daktronics","DAKT","227.72K","333.52M","592.00M","60.46","1.11"
"Darling Ingredients","DAR","833.70K","3.34B","3.61B","23.82","1.4"
"Dave & Buster’s Entertainment","PLAY","1.42M","2.17B","1.17B","21.31","0.42"
"DHI Group","DHX","533.20K","118.19M","188.02M","6.88","1.07"
"Diamondrock Hospitality","DRH","2.12M","2.44B","850.01M","31.89","1.44"
"Digi","DGII","104.22K","359.60M","207.81M","47.78","1.39"
"Dime Community","DCOM","183.88K","694.87M","114.51M","11.78","0.5"
"DineEquity","DIN","340.04K","1.42B","666.08M","","0.06"
"Diodes","DIOD","317.37K","1.87B","1.13B","25.98","0.94"
"Diplomat Pharmacy","DPLO","1.18M","1.46B","5.04B","","1.12"
"Donnelley Financial Solutions","DFIN","294.64K","694.96M","993.20M","31.55",""
"Dorman","DORM","258.60K","2.63B","917.75M","22.81","1.02"
"DSP Group","DSPG","57.83K","288.34M","124.28M","","0.84"
"DXP Enterprises","DXPE","86.62K","844.84M","1.11B","36.64","2.59"
"Eagle Pharm","EGRX","255.51K","1.22B","215.73M","38","1.37"
"EastGroup Properties","EGP","191.05K","3.43B","287.20M","41.78","0.81"
"Ebix","EBIX","180.10K","2.53B","430.34M","23.95","1.26"
"Echo Global","ECHO","416.03K","943.51M","2.27B","48.59","1.61"
"eHealth","EHTH","170.08K","566.45M","141.19M","","1.32"
"El Paso Electric","EE","258.59K","2.55B","906.13M","6.56","0.34"
"El Pollo Loco Holdings Inc","LOCO","437.42K","482.61M","413.75M","245.92","0.38"
"Electro Scientific","ESIO","1.31M","788.59M","405.82M","5.68","1.02"
"Electronics for Imaging","EFII","542.66K","1.52B","1.02B","269.32","1.08"
"Emergent Biosolutions","EBS","298.95K","3.02B","681.25M","13.78","1.23"
"Employers","EIG","115.15K","1.45B","804.00M","11.6","1.05"
"Enanta","ENTA","217.99K","1.77B","215.35M","22.14","0.92"
"Encore Capital","ECPG","232.43K","1.22B","1.30B","11.76","1.55"
"Encore Wire","WIRE","70.70K","1.07B","1.22B","18.54","1.85"
"Engility","EGL","124.98K","1.27B","1.92B","45.53","1.89"
"Enova International Inc","ENVA","347.48K","1.20B","969.18M","29.39","2.58"
"Enpro Industries","NPO","159.96K","1.56B","1.47B","3.18","1.09"
"ePlus","PLUS","96.51K","1.40B","1.40B","25.52","1.14"
"Era Group Inc","ERA","48.48K","264.16M","233.96M","","0.94"
"ESCO Technologies","ESE","83.40K","1.77B","747.50M","30.47","0.98"
"Essendant Inc","ESND","402.41K","565.65M","5.00B","","1.33"
"Ethan Allen Interiors","ETH","213.82K","606.19M","766.78M","18.42","0.88"
"Evercore","EVR","485.17K","5.16B","1.88B","14.6","1.7"
"EW Scripps A","SSP","458.46K","1.19B","959.59M","","2.1"
"ExlServices","EXLS","135.26K","2.10B","807.30M","27.47","1.27"
"Exponent","EXPO","89.53K","2.71B","367.92M","42.9","0.6"
"Express","EXPR","1.90M","799.64M","2.15B","38.86","0.84"
"Exterran Corp","EXTN","127.10K","1.03B","1.36B","7085.78",""
"EZCORP","EZPW","653.57K","610.00M","789.25M","11.66","1.44"
"Fabrinet","FN","377.72K","1.77B","1.37B","21.58","0.59"
"FARO","FARO","97.02K","1.16B","387.74M","","1.58"
"Federal Signal","FSS","255.62K","1.57B","1.04B","25.71","1.34"
"Fidelity","LION","93.74K","657.50M","160.41M","17.87","0.93"
"Fiesta","FRGI","257.10K","798.89M","667.21M","214.6","0.58"
"First Bancorp","FBP","1.70M","1.95B","348.30M","26.2","1.85"
"First Commonwealth Financial","FCF","433.05K","1.71B","188.29M","1087.12","1"
"First Financial Bancorp","FFBC","348.78K","3.12B","282.93M","20.82","1.01"
"First Financial Bankshares","FFIN","239.49K","4.08B","191.07M","31.15","1.14"
"First Midwest","FMBI","612.36K","2.84B","353.60M","21.57","1.15"
"First NBC Bank","FNBCQ","165.09K","767.31K","","","-1.39"
"FirstCash","FCFS","263.25K","3.59B","1.79B","27.11","0.51"
"Five Below","FIVE","1.01M","6.38B","1.34B","55.48","0.46"
"Flotek","FTK","758.47K","125.31M","271.58M","","1.42"
"Forestar","FOR","55.42K","1.06B","110.18M","","1.8"
"Forrester","FORR","49.01K","894.66M","344.85M","65.64","0.46"
"Forward Air","FWRD","239.25K","1.86B","1.22B","23.92","1.43"
"Four Corners Property Trust Inc","FCPT","423.53K","1.78B","136.82M","20.38",""
"Fox Factory","FOXF","214.54K","2.43B","535.10M","37.02","0.72"
"Francescass","FRAN","1.27M","258.60M","464.40M","23.67","0.13"
"Franklin Electric","FELE","128.12K","2.26B","1.24B","24.73","1.59"
"Franklin Street Properties","FSP","101.89K","897.52M","269.04M","","0.72"
"Freds","FRED","984.34K","62.97M","3.24B","","1.26"
"FTD Companies Inc","FTD","327.56K","105.33M","1.06B","","0.14"
"FutureFuel","FF","65.36K","660.08M","296.96M","10.86","1.73"
"G-III Apparel","GIII","568.12K","2.27B","2.89B","25.6","0.18"
"Gannett","GCI","1.09M","1.19B","3.05B","17.88",""
"Genesco","GCO","298.67K","926.05M","2.91B","","0.99"
"Gentherm","THRM","216.00K","1.78B","1.02B","35.21","1.61"
"Geo","GEO","730.92K","3.05B","2.28B","19.48","1.22"
"Geospace","GEOS","64.55K","191.17M","78.84M","","1.28"
"Getty","GTY","114.44K","1.18B","129.82M","25.03","0.45"
"Gibraltar Industries","ROCK","284.79K","1.46B","1.01B","20.15","1.8"
"Glacier","GBCI","338.70K","3.83B","278.71M","23.71","1.4"
"Glatfelter","GLT","260.15K","809.04M","1.64B","38.31","1.15"
"Government Propertiesome","GOV","941.46K","1.67B","394.15M","59.08","1.14"
"Great Western Bancorp Inc","GWB","225.45K","2.58B","279.33M","15.38","1.51"
"Green Dot","GDOT","331.98K","4.51B","987.95M","38.83","0.74"
"Green Plains Energy","GPRE","700.45K","743.66M","3.85B","458.13","1.05"
"Greenbrier","GBX","477.37K","1.91B","2.44B","15.72","1.78"
"Greenhill&Co","GHL","390.91K","666.81M","291.02M","522.74","1.15"
"Griffon","GFF","267.75K","830.20M","1.52B","","1.32"
"Group 1 Automotive","GPI","254.07K","1.59B","16.93B","10.46","1.91"
"Guess?","GES","902.88K","1.92B","2.43B","48.87","0.13"
"Gulf Island Fabrication","GIFI","58.52K","145.92M","198.46M","","1.05"
"H B Fuller","FUL","337.99K","2.96B","2.74B","41.32","1.49"
"Haemonetics","HAE","774.05K","5.52B","922.32M","113.06","0.97"
"Hanmi","HAFC","177.70K","859.97M","124.41M","14.07","0.76"
"Harmonic","HLIT","565.77K","464.57M","382.27M","","0.68"
"Harsco","HSC","437.70K","2.19B","1.68B","26.32","2.77"
"Haverty Furniture","HVT","90.91K","466.62M","820.96M","18.28","0.8"
"Hawaiian","HA","1.08M","2.09B","2.79B","8.6","1.3"
"Hawkins","HWKN","31.46K","447.78M","520.23M","","0.72"
"Haynes","HAYN","103.71K","475.10M","413.78M","","1.48"
"HCI Group Inc","HCI","52.79K","381.41M","226.47M","","1.64"
"Healthcare Services","HCSG","931.78K","3.03B","2.00B","41.49","0.82"
"Healthequity Inc","HQY","603.30K","5.42B","244.01M","98.26","1.38"
"HealthStream","HSTM","130.05K","1.00B","238.18M","73.43","0.63"
"Heartland Express","HTLD","511.23K","1.65B","660.33M","37.17","0.61"
"Heidrick&Struggles","HSII","115.15K","838.92M","691.12M","60.76","1.7"
"Helix","HLX","1.44M","1.35B","695.41M","84.63","2.62"
"HFF","HF","270.03K","1.76B","618.66M","13.52","1.1"
"Hibbett Sports","HIBB","772.59K","557.01M","967.24M","11.24","0.7"
"HighPoint","HPR","1.71M","1.12B","342.44M","","3.36"
"Hillenbrand","HI","228.99K","3.18B","1.74B","28.95","1.3"
"HMS Holdings","HMSY","566.30K","2.63B","562.38M","134.07","1.02"
"Home BancShares","HOMB","1.05M","4.17B","381.01M","18.2","1.17"
"Hope Bancorp","HOPE","505.88K","2.31B","345.44M","12.74","1.32"
"Horace Mann Educators","HMN","103.40K","1.88B","1.19B","24.45","0.76"
"Hornbeck","HOS","229.53K","163.54M","209.93M","","1.43"
"Hub Group","HUBG","292.71K","1.76B","4.49B","22.05","1.46"
"Iconix Brand","ICON","2.44M","26.69M","204.22M","","0.98"
"ICU Medical","ICUI","94.54K","6.12B","1.45B","73.88","0.33"
"II-VI","IIVI","858.10K","2.98B","1.16B","39.27","0.11"
"ILG","ILG","1.39M","4.38B","1.83B","20.44","1.47"
"Independent Bank","INDB","72.74K","2.49B","194.67M","23.37","0.94"
"Ingevity","NGVT","232.96K","4.20B","1.04B","33.31",""
"Innophoss","IPHS","143.20K","848.85M","789.10M","25.17","0.72"
"Innospec","IOSP","106.86K","1.85B","1.41B","18.44","1.02"
"Inogen Inc","INGN","142.22K","5.15B","309.11M","136.73","1.1"
"Insight Enterprises","NSIT","203.16K","1.96B","7.14B","15.12","1.21"
"Insperity","NSP","297.47K","4.85B","3.56B","43.37","0.81"
"Installed Building","IBP","186.76K","1.48B","1.23B","36.28","0.78"
"Integer Hld","ITGR","222.03K","2.48B","1.45B","","0.79"
"Integra","IART","503.33K","5.07B","1.37B","41.8","0.59"
"Inter Parfums","IPAR","116.24K","2.07B","640.20M","42.12","1.45"
"Interactive Brokers","IBKR","931.76K","25.28B","2.25B","15","0.97"
"Interface, Inc.","TILE","423.73K","1.37B","1.05B","18.85","1.14"
"INTL FCStone","INTL","123.69K","1.06B","33.93B","29.66","1.79"
"Intrepid Potash","IPI","873.69K","439.21M","169.57M","","1.15"
"Invacare","IVC","346.92K","525.13M","984.47M","","2.38"
"Investment Tech","ITG","169.04K","717.18M","501.24M","","1.66"
"Iridium","IRDM","701.85K","2.29B","486.10M","141.52","1.81"
"iRobot","IRBT","1.16M","2.89B","975.69M","44.82","1.33"
"Itron","ITRI","290.22K","2.57B","2.23B","","0.88"
"J & J Snack Foods","JJSF","76.23K","2.68B","1.15B","34.81","0.56"
"John Bean Tech","JBT","223.91K","3.50B","1.81B","37.8","1.2"
"Kaiser","KALU","121.47K","1.77B","1.49B","20.97","0.71"
"Kaman","KAMN","184.73K","1.82B","1.85B","27.06","0.73"
"KapStone Paper&Packaging","KS","545.25K","3.36B","3.44B","21.71","3.31"
"Kelly Services A","KELYA","162.08K","980.95M","5.51B","15.04","0.89"
"Kirklands","KIRK","152.09K","186.03M","643.72M","34.7","1.31"
"Kite","KRG","599.94K","1.46B","357.56M","","0.55"
"Knight Transportation","KNX","3.29M","5.82B","4.48B","23.39","1.63"
"Kopin","KOPN","586.86K","170.88M","29.13M","395.15","0.91"
"Koppers","KOP","127.24K","721.08M","1.59B","17.7","0.84"
"Korn/Ferry","KFY","477.44K","3.77B","1.82B","25.72","1.21"
"Kraton","KRA","161.68K","1.48B","2.02B","","1.29"
"Kulicke&Soffa","KLIC","607.87K","1.72B","920.18M","9.91","1.19"
"La-Z-Boy","LZB","475.01K","1.58B","1.61B","17.16","1"
"Lannett Com","LCI","1.18M","180.57M","652.78M","3.04","2.31"
"LCI Industries","LCII","213.47K","2.32B","2.44B","17.97","1.07"
"Legacy Texas Financial Grp","LTXB","221.91K","2.21B","223.41M","19.61","1.38"
"Lendingtree","TREE","239.97K","3.00B","697.57M","36.77","2.07"
"Lexington","LXP","988.80K","2.19B","407.99M","163.63","0.86"
"LGI Homes","LGIH","426.07K","1.30B","1.47B","9.71",""
"LHC Group","LHCG","282.80K","3.09B","1.36B","58.63","0.47"
"Ligand","LGND","287.87K","5.28B","230.04M","51.87","0.97"
"Lindsay","LNN","82.04K","980.42M","556.38M","40.35","0.32"
"Liquidity Services","LQDT","159.17K","231.29M","233.18M","","0.72"
"Lithia Motors","LAD","315.59K","2.10B","11.14B","7.49","1.59"
"Littelfuse","LFUS","168.50K","5.44B","1.50B","33.28","0.92"
"LivePerson","LPSN","415.81K","1.55B","233.78M","","1.05"
"LogMeIn","LOGM","596.84K","4.18B","1.13B","85.49","1.1"
"Lsb Industries","LXU","154.16K","204.30M","384.96M","","4.65"
"LSC Communications","LKSD","358.88K","408.46M","3.81B","",""
"LTC Properties","LTC","203.76K","1.81B","166.26M","13.97","0.09"
"Lumber Liquidators","LL","1.11M","496.01M","1.06B","","1.41"
"Lumentum Holdings Inc","LITE","2.37M","4.06B","1.25B","12.72",""
"Luminex","LMNX","269.76K","1.24B","314.58M","24.23","0.31"
"Lydall","LDL","84.54K","776.87M","736.14M","15.53","1.49"
"M/I Homes","MHO","213.02K","741.99M","2.09B","8.96","1.1"
"Magellan Health","MGLN","154.24K","1.84B","6.73B","18.09","0.38"
"Maiden Holdings","MHLD","648.91K","320.10M","2.86B","","1.3"
"ManTech","MANT","203.54K","2.54B","1.85B","35.24","0.82"
"Marcus","MCS","89.29K","1.11B","673.48M","21.21","0.54"
"MarineMax","HZO","294.43K","569.39M","1.12B","15.33","1.23"
"Marriot Vacations Worldwide","VAC","322.24K","3.30B","2.13B","26.28","1.41"
"Marten Transport","MRTN","296.41K","1.21B","737.43M","29.93","1.36"
"Masimo","MASI","547.74K","6.09B","843.44M","31.53","0.97"
"Materion","MTRN","91.87K","1.27B","1.22B","32.01","0.97"
"Matrix","MTRX","209.34K","576.69M","1.09B","179.28","0.96"
"Matson","MATX","209.22K","1.56B","2.13B","16.94","1.32"
"Matthews","MATW","171.55K","1.70B","1.59B","24.7","1.07"
"MDC","MDC","428.49K","1.84B","2.73B","9.43","1.41"
"Medidata","MDSO","547.34K","4.79B","586.41M","91.04","1.41"
"MEDIFAST","MED","210.38K","2.68B","371.13M","66.98","0.24"
"Mercury","MRCY","375.81K","2.47B","493.19M","61.58","0.46"
"Meridian","VIVO","311.16K","665.61M","210.17M","29.5","0.81"
"Merit","MMSI","302.17K","3.14B","798.08M","139.12","1.31"
"Meritage","MTH","372.47K","1.76B","3.39B","9.13","1.06"
"Methode Electronics","MEI","228.42K","1.48B","908.30M","13.45","1.02"
"MicroStrategy","MSTR","89.70K","1.63B","506.93M","40.64","0.64"
"MiMedx","MDXG","3.35M","466.35M","160.98M","14.65","1.53"
"MKS Instruments","MKSI","538.23K","4.93B","2.13B","12.75","0.88"
"Mobile Mini","MINI","211.22K","1.96B","565.99M","32.9","1.86"
"Momenta","MNTA","902.34K","2.13B","106.58M","","1.8"
"Monarch","MCRI","74.78K","851.67M","235.27M","28.69","1.04"
"Monotype","TYPE","284.48K","924.18M","242.90M","","1.04"
"Monro Muffler Brake","MNRO","301.77K","2.34B","1.15B","33.01","0.84"
"Moog","MOGa","106.55K","2.84B","2.66B","24.7","1.69"
"Motorcar Parts","MPAA","192.06K","490.31M","425.57M","57.68","1.76"
"Movado","MOV","197.98K","844.09M","595.83M","28.16","-0.08"
"MTS Systems","MTSC","74.21K","940.33M","781.64M","32.92","0.94"
"Mueller Industries","MLI","208.53K","1.90B","2.38B","19.43","1.48"
"Multi-Color","LABL","121.35K","1.25B","1.51B","27.98","0.73"
"Myers Industries","MYE","164.83K","786.81M","577.31M","34.59","1.6"
"MYR Group","MYRG","97.20K","581.78M","1.43B","24.72","0.53"
"Nanometrics","NANO","200.84K","1.03B","305.78M","20.59","1.77"
"National Presto Industries","NPK","52.43K","962.68M","342.27M","21.08","0.3"
"Natus","BABY","536.66K","1.22B","513.34M","","0.61"
"Nautilus","NLS","234.68K","441.62M","406.21M","23.15","1.13"
"Navigant","NCI","359.39K","1.07B","966.88M","38.15","0.88"
"NBT Bancorp","NBTB","134.19K","1.79B","230.97M","18.27","0.86"
"Neenah Paper","NP","62.36K","1.50B","1.03B","35.78","1.06"
"Nektar","NKTR","2.57M","10.95B","1.37B","13.05","2.18"
"Neogen","NEOG","174.21K","4.53B","402.26M","68.14","1.32"
"NETGEAR","NTGR","573.88K","2.31B","1.46B","62.46","2.04"
"Newpark Resources","NR","605.55K","987.08M","869.60M","39.09","1.5"
"NIC","EGOV","895.55K","1.14B","347.22M","19.81","0.69"
"Northern Oil&Gas","NOG","157.68K","971.82M","212.06M","","1.93"
"Northfield Bancorp","NFBK","106.51K","822.57M","75.46M","20.41","0.4"
"Northwest Bancshares","NWBI","549.16K","1.90B","228.31M","20.11","0.67"
"Northwest Natural Gas","NWN","120.82K","1.84B","717.89M","","0.26"
"NutriSystem","NTRI","830.24K","1.19B","691.63M","21.61","1.34"
"OFG Bancorp","OFG","340.88K","723.52M","208.39M","17.42","1.85"
"Old National Bancorp","ONB","756.01K","3.07B","393.13M","26.19","0.84"
"Ollies Bargain Outlet Holdings Inc","OLLI","535.95K","4.97B","1.13B","37.85",""
"Olympic Steel","ZEUS","136.53K","234.26M","1.47B","6.82","1.73"
"Omnicell","OMCL","289.31K","2.65B","756.01M","105.28","0.96"
"Onespan","OSPN","194.71K","732.11M","200.62M","126.36","1.4"
"Opus Bank","OPB","204.42K","1.02B","150.73M","","0.9"
"Orion Group","ORN","228.31K","256.84M","598.98M","52.71","1.16"
"Oritani","ORIT","201.86K","771.51M","78.84M","13.93","0.37"
"OSI Systems","OSIS","407.02K","1.39B","1.05B","56.34","0.89"
"Oxford Industries","OXM","159.98K","1.59B","1.09B","27.63","0.21"
"Papa John's","PZZA","1.10M","1.35B","1.73B","21.56","0.42"
"Park Electrochemical","PKE","136.21K","430.20M","114.88M","110.6","0.88"
"Patrick","PATK","248.98K","1.56B","2.04B","15.11","0.82"
"PDC Energy","PDCE","898.19K","3.63B","845.89M","","0.68"
"Pennsylvania RE","PEI","990.40K","737.64M","367.23M","","1.11"
"Perficient","PRFT","239.02K","965.62M","499.96M","49.15","0.85"
"Perry Ellis","PERY","87.98K","437.61M","888.00M","7.41","0.34"
"PetMed Express","PETS","664.52K","790.19M","281.53M","19.79","0.52"
"PGT Innovations","PGTI","483.74K","1.26B","570.50M","29.19","0.84"
"Phibro","PAHC","105.54K","2.01B","803.04M","31.56","0.93"
"Pinnacle","PNFP","522.27K","5.05B","534.63M","17.02","1.01"
"Pioneer Energy Services","PES","916.66K","273.75M","542.83M","","2.97"
"Piper Jaffray","PJC","75.21K","1.18B","838.67M","","1.51"
"Plexus","PLXS","156.62K","1.96B","2.77B","22.07","0.68"
"Powell Industries","POWL","56.05K","460.29M","408.77M","","1.35"
"Power Integrations","POWI","162.99K","2.14B","432.06M","32.96","0.9"
"PRA Group Inc","PRAA","407.16K","1.71B","851.38M","24.76","1.63"
"ProAssurance","PRA","484.26K","2.55B","897.25M","27.68","0.59"
"Progress","PRGS","514.27K","1.78B","403.54M","35.34","0.77"
"Proto Labs","PRLB","143.80K","3.91B","399.69M","69.14","1.15"
"Provident","PFS","164.56K","1.73B","201.79M","17.11","0.77"
"PS Business Parks","PSB","88.48K","3.53B","407.90M","22.78","0.49"
"Quaker Chemical","KWR","38.15K","2.36B","858.01M","62.46","1.36"
"Quality Systems","QSII","327.16K","1.44B","533.31M","550.17","0.58"
"Qualys","QLYS","272.04K","3.41B","255.43M","90.86","1.13"
"Quanex Building Products","NX","189.52K","597.79M","867.40M","24.9","0.71"
"QuinStreet","QNST","634.94K","744.72M","404.35M","51.11","0.95"
"Quorum Health","QHC","361.97K","133.45M","1.97B","",""
"Rambus","RMBS","923.63K","1.26B","303.91M","","0.19"
"Raven","RAVN","132.08K","1.68B","410.98M","31.11","1.56"
"Rayonier Advanced Materials","RYAM","760.69K","1.07B","1.62B","4.62","3.45"
"Re Max Holding","RMAX","115.85K","874.89M","205.80M","16.27","0.46"
"Red Robin Gourmet Burgers","RRGB","337.53K","528.59M","1.38B","29.99","0.36"
"Regis","RGS","205.92K","975.12M","1.21B","7.68","1.37"
"Rent-A-Center","RCII","1.69M","788.16M","2.64B","","0.62"
"Repligen","RGEN","273.07K","2.29B","170.75M","172.68","0.68"
"Resources Connection","RECN","120.65K","499.59M","654.13M","27.22","1.05"
"Retail Opportunity","ROIC","1.17M","2.21B","287.45M","64.26","0.59"
"REX American Resources","REX","33.82K","504.08M","460.25M","17.34","1.1"
"RLI","RLI","143.04K","3.41B","809.33M","48.33","1.26"
"Roadrunner","RRTS","902.75K","55.45M","2.21B","","0.74"
"Rogers","ROG","113.70K","2.46B","845.08M","39.74","1.49"
"RR Donnelley & Sons","RRD","1.03M","360.45M","7.05B","13.7","1.31"
"Rudolph","RTEC","206.83K","872.48M","277.58M","15.87","0.85"
"Ruth's Hospitality","RUTH","249.57K","966.28M","435.44M","27","0.33"
"S&T Bancorp","STBA","95.44K","1.64B","165.65M","17.9","0.6"
"Sabra","SBRA","1.99M","4.14B","610.66M","11.04","0.59"
"Safety Insurance","SAFT","46.63K","1.46B","838.42M","23.03","0.56"
"Saia","SAIA","218.60K","1.99B","1.52B","25.41","0.78"
"Sanderson Farms","SAFM","563.59K","2.43B","3.36B","17.76","0.26"
"Sanmina","SANM","991.17K","2.08B","6.99B","24.81","0.45"
"Saul Centers","BFS","37.87K","1.32B","225.70M","39.32","0.65"
"ScanSource","SCSC","99.74K","1.09B","3.77B","22.54","0.89"
"Scholastic","SCHL","130.00K","1.46B","1.63B","3679.82","0.67"
"Schweitzer-Mauduit","SWM","138.09K","1.23B","1.03B","12.9","1.33"
"Scientific Games","SGMS","947.55K","2.81B","3.25B","","2.47"
"SEACOR","CKH","128.29K","951.82M","745.33M","17.3","0.81"
"Select Medical","SEM","549.58K","2.63B","4.76B","20.83","1.33"
"Selective","SIGI","177.02K","3.74B","2.54B","21.74","1.24"
"Semtech","SMTC","557.70K","3.31B","574.47M","40","1.39"
"Seneca Foods A","SENEA","15.79K","299.27M","1.66B","","0.99"
"ServisFirst Bancshares","SFBS","150.50K","2.31B","162.74M","20.18","1.25"
"Shoe Carnival","SCVL","255.89K","568.63M","1.28B","18.86","0.7"
"Shutterstock","SSTK","211.32K","1.81B","602.49M","42.57","1.38"
"Simmons First National","SFNC","534.96K","2.89B","398.99M","18.72","1.09"
"Simpson Manufacturing","SSD","276.20K","3.44B","1.05B","31.61","1.59"
"SkyWest","SKYW","273.85K","3.27B","3.22B","14.08","1.65"
"Sleep Number","SL2","0.14K","959.82M","1.31B","22.66","0.58"
"Sonic","SONC","845.97K","1.24B","435.41M","22.96","1.54"
"Sonic Automotive","SAH","211.26K","939.65M","10.08B","13.83","1.64"
"South Jersey Industries","SJI","712.59K","2.85B","1.32B","","0.54"
"Southside","SBSI","163.06K","1.26B","134.61M","18.6","0.75"
"SpartanNash Co","SPTN","299.72K","766.93M","8.11B","","1.22"
"Spectrum","SPPI","1.33M","2.51B","119.64M","","1.89"
"Spire","SR","267.30K","3.83B","1.98B","21.32","0.04"
"Spok Holdings","SPOK","95.76K","303.55M","171.15M","51.42","0.36"
"SPS Commerce","SPSC","147.37K","1.66B","234.53M","168.97","0.72"
"SPX Corp","SPXC","207.44K","1.47B","1.47B","12.12","1.56"
"SPX FLOW Inc","FLOW","208.04K","2.07B","2.04B","32.76",""
"Stage Stores","SSI","182.44K","59.57M","1.65B","","0.57"
"Stampscom","STMP","384.31K","4.23B","520.72M","22.87","-0.03"
"Standard Motor Products","SMP","93.07K","1.14B","1.07B","22.52","1.66"
"Standex","SXI","35.66K","1.41B","857.96M","26.81","1.48"
"Stein Mart","SMRT","520.78K","126.86M","1.31B","","-1.1"
"Stepan","SCL","99.13K","1.97B","1.98B","18.95","1.18"
"Sterling Bancorp","STL","1.93M","5.16B","642.84M","17.89","0.96"
"Steven Madden","SHOO","476.25K","3.43B","1.59B","27.44","0.48"
"Stewart Info Services","STC","102.49K","1.07B","1.96B","28.13","0.75"
"Strategic Education","STRA","93.12K","1.53B","458.36M","59.02","0.83"
"Sturm Ruger&Company","RGR","166.34K","1.05B","482.62M","22.35","-0.02"
"Summit Hotel Properties","INN","566.23K","1.43B","560.76M","25.44","1.16"
"SunCoke Energy","SXC","370.56K","719.13M","1.42B","161.06","1.02"
"Super Micro Computer","SMCI","512.88K","839.47M","717.87M","12.2","0.23"
"Superior Industries","SUP","171.70K","544.17M","1.47B","","1.25"
"Supernus","SUPN","659.85K","2.34B","358.81M","24.88","0.88"
"Supervalu","SVU","1.71M","1.24B","14.91B","29.86","1.25"
"SurModics","SRDX","32.27K","992.02M","78.36M","","0.61"
"Sykes","SYKE","145.07K","1.25B","1.64B","22.65","0.75"
"Synchronoss Tech","SNCR","1.01M","243.84M","357.73M","","0.58"
"Synergy Resources","SRCI","443.33K","2.35B","536.74M","10.56","1.84"
"Tailored Brands","TLRD","1.65M","1.09B","3.34B","10.16","1.69"
"Take-Two","TTWO","2.20M","14.88B","2.18B","80.77","0.92"
"Team","TISI","348.41K","749.04M","1.25B","","1.76"
"Tennant","TNC","95.84K","1.37B","1.11B","73.27","0.83"
"Tetra Tech","TTEK","270.35K","3.87B","2.18B","29.9","0.99"
"Tetra Technologies","TTI","683.37K","610.80M","903.45M","48.43","0.87"
"Texas Capital","TCBI","471.03K","4.66B","577.95M","18.27","1.79"
"The Andersons","ANDE","139.16K","1.14B","3.39B","62.1","1.33"
"The Childrens Place","PLCE","392.35K","2.26B","1.95B","19.48","0.39"
"The Ensign","ENSG","249.64K","2.01B","1.95B","27.89","0.66"
"The Medicines","MDCO","1.51M","2.88B","34.91M","","0.77"
"The Navigators","NAVG","101.93K","2.07B","1.40B","25.93","0.52"
"The Providence Service","PRSC","86.77K","856.56M","1.63B","53.02","0.68"
"Tidewater","TDW","256.04K","818.03M","412.10M","","2.08"
"Tile Shop","TTS","993.54K","419.01M","347.04M","47.77","1.86"
"Timkensteel Corp","TMST","353.22K","597.88M","1.47B","","1.78"
"Titan","TWI","386.71K","443.24M","1.60B","","1.53"
"Tivity Health","TVTY","437.82K","1.31B","578.85M","17.9","0.55"
"TiVo","TIVO","1.54M","1.61B","774.84M","40.01","-0.57"
"Tompkins","TMP","7.08K","1.35B","161.27M","17.44","0.84"
"Topbuild Corp","BLD","288.17K","2.49B","2.09B","21.28",""
"Tredegar","TG","115.08K","692.06M","989.50M","37.93","1.32"
"Trex","TREX","402.61K","4.89B","640.30M","39.78","2.38"
"TrueBlue","TBI","243.78K","1.19B","2.50B","18.03","1.88"
"TrustCo Bank NY","TRST","311.34K","907.49M","97.49M","16.42","1.02"
"TTEC","TTEC","55.56K","1.17B","1.51B","","0.88"
"TTM","TTMI","913.36K","1.88B","2.79B","10.18","1.87"
"Tuesday Morning","TUES","259.67K","149.02M","999.51M","","1.45"
"U S Concrete","USCR","349.30K","818.19M","1.43B","24.94","1.05"
"UMB Financial","UMBF","236.14K","3.81B","549.96M","17.77","0.8"
"Unifi","UFI","57.87K","601.96M","678.91M","19.52","0.67"
"Unifirst","UNF","63.45K","3.50B","1.67B","33.43","0.57"
"Unit","UNT","365.94K","1.48B","801.77M","57.07","3.01"
"United Bankshares","UBSI","725.70K","4.11B","412.39M","17.27","1.08"
"United Community Banks","UCBI","493.37K","2.44B","283.25M","18.09","0.91"
"United Fire","UFCS","90.11K","1.26B","1.07B","56.19","0.55"
"United Insurances","UIHC","162.95K","889.85M","717.00M","59.95","1.69"
"Universal","UVV","233.46K","1.50B","2.13B","15.2","1.03"
"Universal Electronics","UEIC","90.04K","597.49M","684.02M","25.77","1.16"
"Universal Forest","UFPI","306.86K","2.28B","4.31B","15.02","1.87"
"Universal Health RI","UHT","32.73K","1.02B","75.10M","40.14","0.32"
"Universal Insurance","UVE","206.15K","1.58B","792.84M","11.67","1.8"
"Urstadt Biddle Properties","UBA","102.20K","867.87M","134.60M","42.69","0.3"
"US Ecology","ECOL","97.67K","1.59B","524.72M","42.2","0.58"
"US Physicalrapy","USPH","52.82K","1.48B","435.67M","84.97","1.09"
"US Silica","SLCA","1.99M","1.72B","1.50B","14.51","2.24"
"Veeco","VECO","723.52K","490.35M","591.65M","","0.56"
"Vera Bradley","VRA","334.69K","528.85M","445.10M","45.7","0.33"
"Veritiv Cor","VRTV","63.86K","757.45M","8.61B","388.51","0.48"
"Viad","VVI","58.82K","1.25B","1.95B","24.42","0.68"
"Viavi Solutions","VIAV","2.45M","2.57B","880.40M","","0.99"
"Vicor","VICR","112.49K","2.34B","255.13M","182.13","0.98"
"Virtus","VRTS","61.07K","926.94M","513.65M","13.98","1.51"
"Virtusa","VRTU","221.45K","1.69B","1.09B","174.78","1.24"
"Vitamin Shoppe","VSI","594.72K","328.32M","1.15B","","0.67"
"Wabash National","WNC","413.50K","1.07B","2.07B","8.13","1.86"
"WageWorks","WAGE","301.00K","2.05B","235.62M","44.87","1.38"
"Walker&Dunlop","WD","181.34K","1.73B","712.59M","11.54","0.67"
"Watts Water Technologies","WTS","118.45K","2.84B","1.52B","25.25","1.05"
"WD-40","WDFC","60.92K","2.40B","402.45M","42.59","0.58"
"Westamerica Bancorporation","WABC","95.13K","1.71B","93.82M","25.32","1.02"
"Winnebago Industries","WGO","587.08K","1.17B","1.94B","11.96","1.69"
"Wintrust","WTFC","353.73K","5.10B","726.16M","17.6","0.79"
"Wolverine","WWW","591.92K","3.66B","2.26B","52.94","1.01"
"World Acceptance","WRLD","111.75K","1.08B","542.59M","15.04","2.89"
"WWE","WWE","1.18M","6.29B","867.18M","105.88","0.97"
"XO","XOXO","194.88K","786.75M","164.03M","49.86","0.88"
"Xperi","XPER","599.71K","795.37M","344.64M","","0.54"
"Zumiez","ZUMZ","383.79K","764.10M","952.55M","26.35","1.05"
